mean_fit_time,std_fit_time,mean_score_time,std_score_time,param_model__learning_rate,param_model__max_depth,param_model__n_estimators,param_model__subsample,params,split0_test_score,split1_test_score,split2_test_score,split3_test_score,split4_test_score,mean_test_score,std_test_score,rank_test_score
0.092132568359375,0.03419790745012838,0.01038517951965332,0.000734080956960732,0.01,3,100,0.5,"{'model__learning_rate': 0.01, 'model__max_depth': 3, 'model__n_estimators': 100, 'model__subsample': 0.5}",0.5066217184066772,0.673853874206543,0.6710819602012634,0.5296366810798645,0.6157091856002808,0.5993806838989257,0.06988905590177516,35
0.06659317016601562,0.009379622271493093,0.010510635375976563,0.0006213672198971395,0.01,3,100,1.0,"{'model__learning_rate': 0.01, 'model__max_depth': 3, 'model__n_estimators': 100, 'model__subsample': 1}",0.5070755481719971,0.6784145832061768,0.6714190244674683,0.5223219394683838,0.6151244640350342,0.598871111869812,0.07230592814018248,36
0.12009363174438477,0.01599253730793476,0.010287761688232422,0.0009674067988003648,0.01,3,200,0.5,"{'model__learning_rate': 0.01, 'model__max_depth': 3, 'model__n_estimators': 200, 'model__subsample': 0.5}",0.7522022724151611,0.8133325576782227,0.7990921139717102,0.7218676805496216,0.8076711893081665,0.7788331627845764,0.035739433720008686,29
0.12703967094421387,0.031198378273526135,0.011613607406616211,0.0024752844919849267,0.01,3,200,1.0,"{'model__learning_rate': 0.01, 'model__max_depth': 3, 'model__n_estimators': 200, 'model__subsample': 1}",0.7378913164138794,0.8169155120849609,0.8057790398597717,0.711359977722168,0.8025920391082764,0.7749075770378113,0.0421726076812536,30
0.14435935020446777,0.00572621610989278,0.012671613693237304,0.002008358922350044,0.01,5,100,0.5,"{'model__learning_rate': 0.01, 'model__max_depth': 5, 'model__n_estimators': 100, 'model__subsample': 0.5}",0.5554778575897217,0.7360594868659973,0.7307665348052979,0.5689480304718018,0.6841223239898682,0.6550748467445373,0.07806265207048745,34
0.11396408081054688,0.016215887382017822,0.011078357696533203,0.0010295903541309688,0.01,5,100,1.0,"{'model__learning_rate': 0.01, 'model__max_depth': 5, 'model__n_estimators': 100, 'model__subsample': 1}",0.5841797590255737,0.7434214353561401,0.7320656776428223,0.5603079795837402,0.6895201802253723,0.6618990063667297,0.07575383232778118,33
0.16967649459838868,0.011285615445011391,0.010823202133178712,0.0009618233537391865,0.01,5,200,0.5,"{'model__learning_rate': 0.01, 'model__max_depth': 5, 'model__n_estimators': 200, 'model__subsample': 0.5}",0.794562041759491,0.8708420395851135,0.8611265420913696,0.7612826824188232,0.865336000919342,0.8306298613548279,0.04441058831897268,28
0.15592036247253419,0.023668098057270995,0.010689020156860352,0.0006262385562334935,0.01,5,200,1.0,"{'model__learning_rate': 0.01, 'model__max_depth': 5, 'model__n_estimators': 200, 'model__subsample': 1}",0.8052927851676941,0.876032829284668,0.8624387979507446,0.7592989206314087,0.8680915832519531,0.8342309832572937,0.04503742597244466,27
0.13934617042541503,0.018888890881531815,0.009847784042358398,0.0005345257895360345,0.01,7,100,0.5,"{'model__learning_rate': 0.01, 'model__max_depth': 7, 'model__n_estimators': 100, 'model__subsample': 0.5}",0.5605802536010742,0.747464120388031,0.7520943880081177,0.5724130868911743,0.6799811720848083,0.6625066041946411,0.08252870275818125,32
0.13520970344543456,0.01621462962712673,0.009602928161621093,0.0005760810121091687,0.01,7,100,1.0,"{'model__learning_rate': 0.01, 'model__max_depth': 7, 'model__n_estimators': 100, 'model__subsample': 1}",0.5917189717292786,0.7611567378044128,0.7608910799026489,0.5738905668258667,0.6830673813819885,0.6741449475288391,0.08002566499728078,31
0.24907498359680175,0.03249901269452601,0.011090850830078125,0.0007501669187995702,0.01,7,200,0.5,"{'model__learning_rate': 0.01, 'model__max_depth': 7, 'model__n_estimators': 200, 'model__subsample': 0.5}",0.7891431450843811,0.8830639123916626,0.8785321712493896,0.7587262988090515,0.8648093342781067,0.8348549723625183,0.05101805462622729,26
0.2551457405090332,0.040812317895243345,0.010915279388427734,0.0011173819760607316,0.01,7,200,1.0,"{'model__learning_rate': 0.01, 'model__max_depth': 7, 'model__n_estimators': 200, 'model__subsample': 1}",0.7984309196472168,0.8885311484336853,0.8815043568611145,0.762831449508667,0.8608389496803284,0.8384273648262024,0.04936142937534655,25
0.07210907936096192,0.008486290788495932,0.009537649154663087,0.0012816268405549348,0.05,3,100,0.5,"{'model__learning_rate': 0.05, 'model__max_depth': 3, 'model__n_estimators': 100, 'model__subsample': 0.5}",0.8766947388648987,0.8883113861083984,0.8760470151901245,0.8445402979850769,0.9056385159492493,0.8782463908195496,0.019974875320759557,23
0.06382217407226562,0.008914669306547612,0.009158897399902343,0.00028599718865288836,0.05,3,100,1.0,"{'model__learning_rate': 0.05, 'model__max_depth': 3, 'model__n_estimators': 100, 'model__subsample': 1}",0.8747758865356445,0.8921615481376648,0.8804253339767456,0.8386165499687195,0.9009412527084351,0.8773841142654419,0.021411619435221053,24
0.11231002807617188,0.017738063388729006,0.010871171951293945,0.001157755052421166,0.05,3,200,0.5,"{'model__learning_rate': 0.05, 'model__max_depth': 3, 'model__n_estimators': 200, 'model__subsample': 0.5}",0.8953473567962646,0.9144554138183594,0.8989319801330566,0.8750625252723694,0.9319361448287964,0.9031466841697693,0.019099914292337317,12
0.09586062431335449,0.012899336726421292,0.010225296020507812,0.000977078677177129,0.05,3,200,1.0,"{'model__learning_rate': 0.05, 'model__max_depth': 3, 'model__n_estimators': 200, 'model__subsample': 1}",0.8966060876846313,0.9140486121177673,0.900063693523407,0.8716516494750977,0.9287387728691101,0.9022217631340027,0.019046002659307684,16
0.08970742225646973,0.012957477704697216,0.009593725204467773,0.0005449435990312965,0.05,5,100,0.5,"{'model__learning_rate': 0.05, 'model__max_depth': 5, 'model__n_estimators': 100, 'model__subsample': 0.5}",0.8957459330558777,0.919806957244873,0.9082038998603821,0.8655233979225159,0.9335165619850159,0.9045593500137329,0.023176601429676622,10
0.08914766311645508,0.018065846700592518,0.009501075744628907,0.0006747894896162259,0.05,5,100,1.0,"{'model__learning_rate': 0.05, 'model__max_depth': 5, 'model__n_estimators': 100, 'model__subsample': 1}",0.8852713108062744,0.9178199768066406,0.9112005233764648,0.8579527139663696,0.9317654371261597,0.9008019924163818,0.026205872937536633,19
0.1895761489868164,0.045839977975542595,0.010852813720703125,0.001422906009623702,0.05,5,200,0.5,"{'model__learning_rate': 0.05, 'model__max_depth': 5, 'model__n_estimators': 200, 'model__subsample': 0.5}",0.9011672735214233,0.9302409887313843,0.918675422668457,0.8748021125793457,0.9427791833877563,0.9135329961776734,0.023723125733485024,1
0.1716515064239502,0.02159495088446404,0.011952829360961915,0.0014609599953085287,0.05,5,200,1.0,"{'model__learning_rate': 0.05, 'model__max_depth': 5, 'model__n_estimators': 200, 'model__subsample': 1}",0.8912841081619263,0.926562488079071,0.9194687604904175,0.8639345169067383,0.9406266212463379,0.9083752989768982,0.02742655077985058,5
0.1550529956817627,0.022953424041391557,0.010717296600341797,0.001837008939159465,0.05,7,100,0.5,"{'model__learning_rate': 0.05, 'model__max_depth': 7, 'model__n_estimators': 100, 'model__subsample': 0.5}",0.8833597898483276,0.9242907166481018,0.914098858833313,0.8558601140975952,0.9243861436843872,0.900399124622345,0.02686235417279714,20
0.156097936630249,0.016272710003887043,0.011288738250732422,0.00124376744612897,0.05,7,100,1.0,"{'model__learning_rate': 0.05, 'model__max_depth': 7, 'model__n_estimators': 100, 'model__subsample': 1}",0.8743270039558411,0.9225929975509644,0.9163323640823364,0.8562625050544739,0.9234373569488525,0.8985904455184937,0.02788776192675006,22
0.2669514656066895,0.0406818139788852,0.014624691009521485,0.002605533434921365,0.05,7,200,0.5,"{'model__learning_rate': 0.05, 'model__max_depth': 7, 'model__n_estimators': 200, 'model__subsample': 0.5}",0.8898597359657288,0.9291232824325562,0.9160823822021484,0.8648070096969604,0.9265164732933044,0.9052777767181397,0.02454395582858977,9
0.27946767807006834,0.042705462492796255,0.011995029449462891,0.0007771137103989472,0.05,7,200,1.0,"{'model__learning_rate': 0.05, 'model__max_depth': 7, 'model__n_estimators': 200, 'model__subsample': 1}",0.8826648592948914,0.9259861707687378,0.9170199632644653,0.8651720881462097,0.9286655187606812,0.9039017200469971,0.02539309212089115,11
0.08457012176513672,0.017402337469388334,0.010250282287597657,0.0006877216112395724,0.1,3,100,0.5,"{'model__learning_rate': 0.1, 'model__max_depth': 3, 'model__n_estimators': 100, 'model__subsample': 0.5}",0.8950637578964233,0.9136802554130554,0.8924059867858887,0.8779983520507812,0.9319798946380615,0.902225649356842,0.01871471885555577,15
0.07609729766845703,0.009663509338083905,0.010872554779052735,0.001201677098169575,0.1,3,100,1.0,"{'model__learning_rate': 0.1, 'model__max_depth': 3, 'model__n_estimators': 100, 'model__subsample': 1}",0.8925560712814331,0.913619875907898,0.8987258672714233,0.8734918236732483,0.9291286468505859,0.9015044569969177,0.018880577501560223,17
0.15427765846252442,0.029740657692091367,0.010742616653442384,0.0005553067597714312,0.1,3,200,0.5,"{'model__learning_rate': 0.1, 'model__max_depth': 3, 'model__n_estimators': 200, 'model__subsample': 0.5}",0.8927384614944458,0.9272841215133667,0.9072333574295044,0.884270966053009,0.945364236831665,0.9113782286643982,0.022394065028284157,2
0.14493565559387206,0.03582766154884837,0.011401224136352538,0.00033311617943592505,0.1,3,200,1.0,"{'model__learning_rate': 0.1, 'model__max_depth': 3, 'model__n_estimators': 200, 'model__subsample': 1}",0.8884695768356323,0.927293062210083,0.9120262265205383,0.8821831345558167,0.9403678774833679,0.9100679755210876,0.02219314127733334,3
0.12211236953735352,0.014894331740026702,0.011329317092895507,0.0018840348469191266,0.1,5,100,0.5,"{'model__learning_rate': 0.1, 'model__max_depth': 5, 'model__n_estimators': 100, 'model__subsample': 0.5}",0.8937904238700867,0.9291810989379883,0.9173125624656677,0.8520728349685669,0.9431288242340088,0.9070971488952637,0.031922033787401556,8
0.11124391555786133,0.017608381709285362,0.01089925765991211,0.0008857188076966791,0.1,5,100,1.0,"{'model__learning_rate': 0.1, 'model__max_depth': 5, 'model__n_estimators': 100, 'model__subsample': 1}",0.8960947394371033,0.9278866648674011,0.9156553745269775,0.8670055270195007,0.9387970566749573,0.909087872505188,0.025372850094614055,4
0.20767836570739745,0.043078918829131174,0.011543369293212891,0.000880367640930126,0.1,5,200,0.5,"{'model__learning_rate': 0.1, 'model__max_depth': 5, 'model__n_estimators': 200, 'model__subsample': 0.5}",0.8937650322914124,0.9317944645881653,0.9201029539108276,0.8534860610961914,0.9419271945953369,0.9082151412963867,0.03174235335667657,6
0.17972111701965332,0.021637019421962785,0.011698246002197266,0.0014504410621861564,0.1,5,200,1.0,"{'model__learning_rate': 0.1, 'model__max_depth': 5, 'model__n_estimators': 200, 'model__subsample': 1}",0.8964749574661255,0.9309515953063965,0.9169418811798096,0.8590972423553467,0.937262773513794,0.9081456899642945,0.028239132644941024,7
0.1617903709411621,0.009101259134732389,0.010963773727416993,0.0004588848430778021,0.1,7,100,0.5,"{'model__learning_rate': 0.1, 'model__max_depth': 7, 'model__n_estimators': 100, 'model__subsample': 0.5}",0.8896154165267944,0.9219512939453125,0.9158253073692322,0.8601645231246948,0.9237915277481079,0.9022696137428283,0.02436097498410089,14
0.14120268821716309,0.014643902376945107,0.010850906372070312,0.0007485650115502213,0.1,7,100,1.0,"{'model__learning_rate': 0.1, 'model__max_depth': 7, 'model__n_estimators': 100, 'model__subsample': 1}",0.8892021775245667,0.9247527122497559,0.9165084362030029,0.8545407652854919,0.9265410304069519,0.9023090243339539,0.02737198768382132,13
0.2717320919036865,0.0361336917408768,0.011808967590332032,0.0009329346308971652,0.1,7,200,0.5,"{'model__learning_rate': 0.1, 'model__max_depth': 7, 'model__n_estimators': 200, 'model__subsample': 0.5}",0.8897132873535156,0.9216241836547852,0.9150424599647522,0.8597564697265625,0.9190119504928589,0.9010296702384949,0.023560102987933557,18
0.2920717716217041,0.06039981482473302,0.013147354125976562,0.0027958903455956503,0.1,7,200,1.0,"{'model__learning_rate': 0.1, 'model__max_depth': 7, 'model__n_estimators': 200, 'model__subsample': 1}",0.8894990086555481,0.9244136810302734,0.9148056507110596,0.8453385233879089,0.9229291677474976,0.8993972063064575,0.029790310140930972,21
