actual,ARIMA predictions,SARIMA predictions
45,54.33214080389283,46.927981039774096
18,63.8905844220737,49.4625873214019
12,69.04312278796435,52.35960927983884
7,68.11962383259467,37.24986371300769
10,66.03523859729737,13.610512864850136
36,65.42855815529879,29.83232875956043
155,65.84886772124818,86.00834438139995
483,66.23075317898474,235.02491280179504
784,66.25915918800591,391.5845862475305
340,66.14622281684004,319.56715837025536
179,66.08773597957986,372.1329818502891
272,66.09932463808852,464.4206158938785
323,66.1235592408077,541.9671302557612
305,66.13030827292827,505.1880442518401
244,66.12529553372217,500.9100523662414
329,66.12089880335375,520.2608475137479
459,66.12062919519973,580.6469820861896
856,66.1219543371888,697.6596011198819
613,66.12261973057466,583.7915160389803
516,66.12247466217171,407.4030634807366
262,66.12219319361806,296.13168959659384
218,66.12211824393292,209.46716318118814
207,66.12217795954135,154.27426533788355
105,66.12222854864747,103.96129773483035
31,66.12223098192693,73.53555004622697
11,66.12221544353828,56.04737163742136
2,66.12220788013224,49.091320154942274
5,66.12220968518378,32.03418950722511
10,66.12221295254197,15.651894063997483
43,66.12221378285801,36.44249337045226
179,66.12221307237141,109.19559808648395
260,66.12221249062277,300.385897198759
134,66.12221247044589,482.6522025901969
86,66.12221265252728,332.56001136255117
45,66.12221273842134,333.2550962388337
99,66.12221271607861,418.30738390391343
104,66.12221267817009,491.64598103586957
154,66.12221266899599,472.91982385080155
163,66.1222126774392,460.46730607206615
209,66.12221268412512,473.34291061976825
374,66.12221268426589,556.2487846765304
715,66.1222126821336,742.9684109816681
687,66.12221268115906,651.1600445340059
395,66.12221268143435,462.8897949349071
306,66.12221268187395,333.90988317904726
289,66.12221268197501,241.49876323291747
240,66.12221268187479,177.79745422591694
98,66.12221268179799,121.50000591254825
52,66.12221268179744,83.60740824557277
19,66.12221268182239,58.77378854148925
9,66.12221268183343,48.20309643869781
7,66.12221268183005,30.431559567268575
11,66.12221268182495,16.711544778163404
34,66.12221268182384,39.17822109233518
177,66.12221268182503,118.0126991481541
515,66.12221268182591,324.67460486778583
809,66.12221268182591,516.371493944433
362,66.12221268182562,337.6372545863667
175,66.12221268182549,319.30334561234923
230,66.12221268182553,401.701316692496
358,66.12221268182559,473.4962220774557
279,66.1222126818256,461.3928560982604
251,66.12221268182559,445.94147986610915
319,66.12221268182557,456.4416341037233
478,66.12221268182557,547.6089672352033
917,66.12221268182557,759.900895928423
810,66.12221268182557,676.1852280137575
593,66.12221268182557,483.556092289203
497,66.12221268182557,348.0797305632147
209,66.12221268182557,253.56044913918907
241,66.12221268182557,186.73779449368084
220,66.12221268182557,128.24491481192936
76,66.12221268182557,87.61307251220401
25,66.12221268182557,60.08474745023197
13,66.12221268182557,48.18800956545887
11,66.12221268182557,30.154389831835445
10,66.12221268182557,17.411043653161983
39,66.12221268182557,40.49259571289751
133,66.12221268182557,121.55805059683158
391,66.12221268182557,333.89577884965666
738,66.12221268182557,529.0523163480926
359,66.12221268182557,339.81062380167094
177,66.12221268182557,314.4958501495034
214,66.12221268182557,395.92007427076436
288,66.12221268182557,467.1486699876807
294,66.12221268182557,457.4749022081355
267,66.12221268182557,440.92338241522043
325,66.12221268182557,450.5520929341152
497,66.12221268182557,544.7501763143148
901,66.12221268182557,766.4234093415586
887,66.12221268182557,685.6765811766113
534,66.12221268182557,491.4483701447308
441,66.12221268182557,353.58875902118575
321,66.12221268182557,258.29608988614103
232,66.12221268182557,190.3283567521128
155,66.12221268182557,131.0300740409938
102,66.12221268182557,89.39332857865199
46,66.12221268182557,60.876439770278324
11,66.12221268182557,48.49323653511047
16,66.12221268182557,30.363470625297534
11,66.12221268182557,17.97841934431848
41,66.12221268182557,41.28554110087693
137,66.12221268182557,123.1694390123132
428,66.12221268182557,337.58936611144225
785,66.12221268182557,534.0150898662027
384,66.12221268182557,340.91869489058485
260,66.12221268182557,313.04296231236896
304,66.12221268182557,394.1099633558246
468,66.12221268182557,465.1308060412546
424,66.12221268182557,456.3483463564759
400,66.12221268182557,439.39323437236834
470,66.12221268182557,448.70225217798236
634,66.12221268182557,544.012178755254
900,66.12221268182557,769.1269818715718
761,66.12221268182557,689.4692847824416
500,66.12221268182557,494.6544463955664
372,66.12221268182557,355.92053042597905
267,66.12221268182557,260.34414082747514
264,66.12221268182557,191.95633093914748
171,66.12221268182557,132.36258281332414
191,66.12221268182557,90.35718449166363
141,66.12221268182557,61.47763700602912
75,66.12221268182557,48.915971955778936
56,66.12221268182557,30.750934425691153
11,66.12221268182557,18.49732510193554
10,66.12221268182557,41.887198029754
30,66.12221268182557,124.07134513285621
84,66.12221268182557,339.2551354447961
206,66.12221268182557,536.146465399047
395,66.12221268182557,341.6359569792584
539,66.12221268182557,312.8207260833865
647,66.12221268182557,393.7566783711544
743,66.12221268182557,464.70130600229965
710,66.12221268182557,456.2458263588755
576,66.12221268182557,439.1426549190743
620,66.12221268182557,448.33439213762415
659,66.12221268182557,544.0522029657997
610,66.12221268182557,770.4295602277124
495,66.12221268182557,691.1714153543672
341,66.12221268182557,496.1413703089615
247,66.12221268182557,357.0867120097644
215,66.12221268182557,261.4062383920311
185,66.12221268182557,192.86432161821753
179,66.12221268182557,133.1621807894824
127,66.12221268182557,91.02154064976455
109,66.12221268182557,62.00895033642027
74,66.12221268182557,49.381815835125686
22,66.12221268182557,31.20383876603467
11,66.12221268182557,18.998449465031005
10,66.12221268182557,42.418680000459695
23,66.12221268182557,124.71297475473214
35,66.12221268182557,340.17699142878024
62,66.12221268182557,537.2391309327911
86,66.12221268182557,342.2098491784284
185,66.12221268182557,313.0499594596832
336,66.12221268182557,393.9378359723002
392,66.12221268182557,464.8545037972369
320,66.12221268182557,456.51897812716027
314,66.12221268182557,439.3614904669299
306,66.12221268182557,448.5102028196299
333,66.12221268182557,544.3776476632612
157,66.12221268182557,771.2181781075594
106,66.12221268182557,692.1066106083094
114,66.12221268182557,496.99761611487423
116,66.12221268182557,357.82529217254483
113,66.12221268182557,262.10663490416164
79,66.12221268182557,193.50818338542078
80,66.12221268182557,133.76627824770128
51,66.12221268182557,91.57602409065215
37,66.12221268182557,62.51462646863215
15,66.12221268182557,49.86347422988443
10,66.12221268182557,31.68075023767759
7,66.12221268182557,19.493050650394828
19,66.12221268182557,42.92441799906474
59,66.12221268182557,125.25912087231
154,66.12221268182557,340.82593974013236
397,66.12221268182557,537.9507414301731
332,66.12221268182557,342.7311455438186
298,66.12221268182557,313.4448163179962
308,66.12221268182557,394.31505603471817
341,66.12221268182557,465.22146668972215
405,66.12221268182557,456.9299466282518
420,66.12221268182557,439.75253283910325
370,66.12221268182557,448.88546134276436
377,66.12221268182557,544.8078000405513
497,66.12221268182557,771.8182474722751
456,66.12221268182557,692.7604524857227
371,66.12221268182557,497.6224950624843
227,66.12221268182557,358.4070049949021
151,66.12221268182557,262.6743398971926
107,66.12221268182557,194.05514837469465
69,66.12221268182557,134.29865553663615
31,66.12221268182557,92.09020027321986
13,66.12221268182557,63.01089748922177
7,66.12221268182557,50.3509342446818
3,66.12221268182557,32.16646882420135
7,66.12221268182557,19.98525878117155
19,66.12221268182557,43.4207117155952
143,66.12221268182557,125.77023847352228
362,66.12221268182557,341.3747707490529
713,66.12221268182557,538.5225603198272
382,66.12221268182557,343.23314691121055
164,66.12221268182557,313.90043283205193
193,66.12221268182557,394.7642024176431
260,66.12221268182557,465.6668501876599
238,66.12221268182557,457.39147376474324
244,66.12221268182557,440.2067499932262
254,66.12221268182557,449.3338881269336
424,66.12221268182557,545.2763648609478
806,66.12221268182557,772.3491470385368
784,66.12221268182557,693.3110787194845
514,66.12221268182557,498.1624961262961
360,66.12221268182557,358.931170388082
225,66.12221268182557,263.1933664605569
162,66.12221268182557,194.56656638235742
84,66.12221268182557,134.80472198641664
33,66.12221268182557,92.58958957225131
8,66.12221268182557,63.503718205920784
8,66.12221268182557,50.84052260765795
6,66.12221268182557,32.655418337051195
6,66.12221268182557,20.4765890100282
40,66.12221268182557,43.91354075839348
175,66.12221268182557,126.26850571940068
507,66.12221268182557,341.8868733136999
839,66.12221268182557,539.0430960830921
366,66.12221268182557,343.72806982920827
217,66.12221268182557,314.37833927577884
291,66.12221268182557,395.23973526714684
390,66.12221268182557,466.1410026073259
297,66.12221268182557,457.87154854462665
271,66.12221268182557,440.6841430760047
319,66.12221268182557,449.80915698867335
566,66.12221268182557,545.7590214441241
948,66.12221268182557,772.8546713796754
844,66.12221268182557,693.8238398697499
566,66.12221268182557,498.671359389254
392,66.12221268182557,359.43422427012166
269,66.12221268182557,263.69453514173784
197,66.12221268182557,195.0649438335781
136,66.12221268182557,135.30113619661216
42,66.12221268182557,93.08355424222515
11,66.12221268182557,63.99527316444317
11,66.12221268182557,51.33089176391941
3,66.12221268182557,33.14555312851562
10,66.12221268182557,20.967597176953856
42,66.12221268182557,44.40509877137965
159,66.12221268182557,126.76205875955922
478,66.12221268182557,342.3855018974663
798,66.12221268182557,539.5448184204653
355,66.12221268182557,344.2203959889254
204,66.12221268182557,314.86442287190494
251,66.12221268182557,395.7249481004674
326,66.12221268182557,466.6257090242813
291,66.12221268182557,458.35842760379205
348,66.12221268182557,441.17003834355495
460,66.12221268182557,450.2942729769965
481,66.12221268182557,546.246847648449
827,66.12221268182557,773.3508867150855
692,66.12221268182557,694.3227100583599
743,66.12221268182557,499.16879962186965
415,66.12221268182557,359.9295333074479
260,66.12221268182557,264.18915258537345
177,66.12221268182557,195.55853730301982
186,66.12221268182557,135.79400944300718
68,66.12221268182557,93.57552886471254
37,66.12221268182557,64.4863637743712
16,66.12221268182557,51.821547357409685
6,66.12221268182557,33.63612274431595
8,66.12221268182557,21.458487194135138
35,66.12221268182557,44.89619050185026
143,66.12221268182557,127.25388237395546
392,66.12221268182557,342.8791874959157
745,66.12221268182557,540.0396389751527
400,66.12221268182557,344.7117695171844
275,66.12221268182557,315.353506290029
313,66.12221268182557,396.2137120756739
387,66.12221268182557,467.114287218561
381,66.12221268182557,458.8478028408046
371,66.12221268182557,441.6590526725662
455,66.12221268182557,450.78300142421756
520,66.12221268182557,546.7365703495598
837,66.12221268182557,773.8436870034471
642,66.12221268182557,694.81648429054
493,66.12221268182557,499.6620492688105
308,66.12221268182557,360.42200111662925
190,66.12221268182557,264.6813666805642
160,66.12221268182557,196.050375749065
100,66.12221268182557,136.28558367226472
249,66.12221268182557,94.06677343009268
146,66.12221268182557,64.97728403610718
67,66.12221268182557,52.312308031575846
15,66.12221268182557,34.12685187721284
11,66.12221268182557,21.949333867596753
11,66.12221268182557,45.38711117466191
28,66.12221268182557,127.74507154139614
70,66.12221268182557,343.3710597398663
174,66.12221268182557,540.5319275824684
266,66.12221268182557,345.20279356867405
347,66.12221268182557,315.84369020519426
527,66.12221268182557,396.7037788018908
573,66.12221268182557,467.6042857902805
670,66.12221268182557,459.3380938109297
597,66.12221268182557,442.1492112421064
615,66.12221268182557,451.2730551168467
637,66.12221268182557,547.2269887883187
528,66.12221268182557,774.3352344677503
473,66.12221268182557,695.3083890501396
332,66.12221268182557,500.15376158215685
255,66.12221268182557,360.913426609577
204,66.12221268182557,265.1726990974908
189,66.12221268182557,196.54157035755708
125,66.12221268182557,136.77668135174127
111,66.12221268182557,94.5577501710196
112,66.12221268182557,65.46814180490806
66,66.12221268182557,52.80310725502019
28,66.12221268182557,34.6176395296128
12,66.12221268182557,22.440164640236436
11,66.12221268182557,45.877969094267584
24,66.12221268182557,128.23602795936102
51,66.12221268182557,343.86226674725907
132,66.12221268182557,541.0232873344746
223,66.12221268182557,345.69368941317305
428,66.12221268182557,316.3342778422264
494,66.12221268182557,397.1943234476751
562,66.12221268182557,468.0948054333071
619,66.12221268182557,459.8287207215143
617,66.12221268182557,442.6397895809915
568,66.12221268182557,451.7635949812057
581,66.12221268182557,547.7176624612961
539,66.12221268182557,774.8263223283931
453,66.12221268182557,695.7996079860318
336,66.12221268182557,500.64490991834936
246,66.12221268182557,361.40446972452645
196,66.12221268182557,265.6637080671188
125,66.12221268182557,197.03252877159403
105,66.12221268182557,137.26760420697013
48,66.12221268182557,95.04862865944399
29,66.12221268182557,65.95897664791858
6,66.12221268182557,53.29392062042584
4,66.12221268182557,35.1084486501332
10,66.12221268182557,22.930989579594165
40,66.12221268182557,46.368803992601464
147,66.12221268182557,128.72689899222323
476,66.12221268182557,344.35322970988375
737,66.12221268182557,541.5143063320892
359,66.12221268182557,346.18453822441
168,66.12221268182557,316.8250135862862
263,66.12221268182557,397.6850434202187
284,66.12221268182557,468.5855162334862
146,66.12221268182557,460.3194708732383
185,66.12221268182557,443.1305219139879
260,66.12221268182557,452.25431319966384
447,66.12221268182557,548.2084297679963
766,66.12221268182557,775.3172415815424
592,66.12221268182557,696.2905753246756
239,66.12221268182557,501.1358513572029
256,66.12221268182557,361.8953725625341
206,66.12221268182557,266.15459837877484
126,66.12221268182557,197.52340053672353
81,66.12221268182557,137.75846292720456
48,66.12221268182557,95.53947110353369
13,66.12221268182557,66.44980308050862
3,66.12221268182557,53.78473917386816
2,66.12221268182557,35.599265646321925
7,66.12221268182557,23.42181237898845
52,66.12221268182557,46.85963044548712
172,66.12221268182557,129.21773870120927
525,66.12221268182557,344.84410314368125
835,66.12221268182557,542.0052003225532
355,66.12221268182557,346.67536978130136
222,66.12221268182557,317.3158036640184
228,66.12221268182557,398.1758277121054
325,66.12221268182557,469.07629716045324
328,66.12221268182557,460.8102662364815
308,66.12221268182557,443.6213107403575
346,66.12221268182557,452.7450968480571
446,66.12221268182557,548.6992314246131
943,66.12221268182557,775.8080989803391
838,66.12221268182557,696.7814503638336
531,66.12221268182557,501.62671689491646
432,66.12221268182557,362.3862239393684
195,66.12221268182557,266.64544516026564
181,66.12221268182557,198.01424051434466
199,66.12221268182557,138.24929811925233
49,66.12221268182557,96.03030032461079
17,66.12221268182557,66.94062642770122
16,66.12221268182557,54.27555963056302
7,66.12221268182557,36.090085531731894
4,66.12221268182557,23.912634393328243
41,66.12221268182557,47.35045380012525
178,66.12221268182557,129.70856691890233
464,66.12221268182557,345.33494373346025
817,66.12221268182557,542.4960484536298
382,66.12221268182557,347.166195008365
228,66.12221268182557,317.80661367428195
234,66.12221268182557,398.6666355998076
332,66.12221268182557,469.5671038137208
310,66.12221268182557,461.3010781857564
270,66.12221268182557,444.1121202915534
301,66.12221268182557,453.23590449969095
466,66.12221268182557,549.1900456826379
888,66.12221268182557,776.2989336876119
884,66.12221268182557,697.2722915425458
516,66.12221268182557,502.11755458798433
414,66.12221268182557,362.8770564374596
329,66.12221268182557,267.1362759725361
215,66.12221268182557,198.50506883058767
99,66.12221268182557,138.74012467988803
57,66.12221268182557,96.52112469477136
14,66.12221268182557,67.43144864300308
14,66.12221268182557,54.766380785473864
5,66.12221268182557,36.580906477064524
5,66.12221268182557,24.40345611966754
42,66.12221268182557,47.84127601815851
153,66.12221268182557,130.19939092096732
508,66.12221268182557,345.82577227427583
834,66.12221268182557,542.9868797610015
387,66.12221268182557,347.65701791330537
218,66.12221268182557,318.2974309968765
268,66.12221268182557,399.1574521437319
377,66.12221268182557,470.05791990478775
332,66.12221268182557,461.7918962196853
285,66.12221268182557,444.6029374457372
353,66.12221268182557,453.7267209570127
450,66.12221268182557,549.6808645635413
890,66.12221268182557,776.789760070406
788,66.12221268182557,697.763120299414
513,66.12221268182557,502.6083820661298
387,66.12221268182557,363.3678820098064
283,66.12221268182557,267.6271009264328
229,66.12221268182557,198.9958928688063
117,66.12221268182557,139.23094807405488
56,66.12221268182557,97.01194728535337
16,66.12221268182557,67.92227044306632
10,66.12221268182557,55.257202196528326
5,66.12221268182557,37.07172781123435
6,66.12221268182557,24.894277740352884
36,66.12221268182557,48.332097819223804
131,66.12221268182557,130.69021337651196
154,66.12221268182557,346.3165963948798
467,66.12221268182557,543.477704896528
389,66.12221268182557,348.1478399663652
224,66.12221268182557,318.78825100202994
252,66.12221268182557,399.6482718632269
332,66.12221268182557,470.5487394581501
375,66.12221268182557,462.28271648579465
365,66.12221268182557,445.0937573891084
395,66.12221268182557,454.21754064473714
565,66.12221268182557,550.1716851403667
425,66.12221268182557,777.280583399331
233,66.12221268182557,698.2539444992776
232,66.12221268182557,503.09920579688867
229,66.12221268182557,363.85870504141525
206,66.12221268182557,268.11792373116054
190,66.12221268182557,199.48671533761384
131,66.12221268182557,139.72177030658938
123,66.12221268182557,97.50276922308949
95,66.12221268182557,68.41309209079735
78,66.12221268182557,55.748023701549876
29,66.12221268182557,37.562549288050455
18,66.12221268182557,25.38509932227837
13,66.12221268182557,48.82291946732242
31,66.12221268182557,131.18103526470904
65,66.12221268182557,346.8074188939108
193,66.12221268182557,543.9685277678874
363,66.12221268182557,348.6386617069092
423,66.12221268182557,319.2790719912909
612,66.12221268182557,400.13909274769287
703,66.12221268182557,471.03956028166965
714,66.12221268182557,462.77353757078833
711,66.12221268182557,445.5845783557043
711,66.12221268182557,454.708361517548
691,66.12221268182557,550.6625063393478
731,66.12221268182557,777.7714056079311
521,66.12221268182557,698.7447670273854
345,66.12221268182557,503.5900281529034
259,66.12221268182557,364.3495271409439
296,66.12221268182557,268.6087457474569
202,66.12221268182557,199.97753723067652
163,66.12221268182557,140.21259211297436
154,66.12221268182557,97.99359092132646
117,66.12221268182557,68.90391368264478
132,66.12221268182557,56.23884524104375
41,66.12221268182557,38.05337081719704
21,66.12221268182557,25.875920889984787
10,66.12221268182557,49.313741059304725
26,66.12221268182557,131.67185694477243
56,66.12221268182557,347.29824079806116
143,66.12221268182557,544.4593498086278
269,66.12221268182557,349.12948333280536
443,66.12221268182557,319.76989334157594
547,66.12221268182557,400.62991405953346
675,66.12221268182557,471.5303815711518
626,66.12221268182557,463.26435895619335
640,66.12221268182557,446.0753996976746
623,66.12221268182557,455.1991828251128
591,66.12221268182557,551.1533277665695
491,66.12221268182557,778.2622274055357
413,66.12221268182557,699.2355889422025
266,66.12221268182557,504.08085000458755
195,66.12221268182557,364.84034889853507
166,66.12221268182557,269.0995674745141
113,66.12221268182557,200.46835891252485
66,66.12221268182557,140.70341376302454
31,66.12221268182557,98.48441253170212
11,66.12221268182557,69.39473525399102
5,66.12221268182557,56.72966679318386
6,66.12221268182557,38.544192365541214
7,66.12221268182557,26.366742452474785
46,66.12221268182557,49.80456263070043
144,66.12221268182557,132.1626785484811
452,66.12221268182557,347.78906248397686
728,66.12221268182557,544.9501715446526
360,66.12221268182557,349.62030491664257
212,66.12221268182557,320.260714824304
211,66.12221268182557,401.120735528158
283,66.12221268182557,472.02120303157403
315,66.12221268182557,463.7551804518053
282,66.12221268182557,446.56622117735225
296,66.12221268182557,455.69000429216874
524,66.12221268182557,551.6441492775222
922,66.12221268182557,778.7530490523648
786,66.12221268182557,699.7264106320316
514,66.12221268182557,504.5716716712561
403,66.12221268182557,365.3311705306853
174,66.12221268182557,269.5903890954627
183,66.12221268182557,200.9591805168884
163,66.12221268182557,141.1942353557229
37,66.12221268182557,98.97523410984569
17,66.12221268182557,69.88555681781644
7,66.12221268182557,57.22048834996344
1,66.12221268182557,39.03501392092823
7,66.12221268182557,26.857564013051256
50,66.12221268182557,50.29538419454399
158,66.12221268182557,132.65350012417878
531,66.12221268182557,348.27988408983265
761,66.12221268182557,545.4409931688908
334,66.12221268182557,350.11112648505036
221,66.12221268182557,320.75153635561946
253,66.12221268182557,401.61155705429957
378,66.12221268182557,472.51202455470656
303,66.12221268182557,464.24600198784725
296,66.12221268182557,447.05704270754876
346,66.12221268182557,456.1808258177349
541,66.12221268182557,552.134970819192
938,66.12221268182557,779.2438706438816
826,66.12221268182557,700.217232239323
482,66.12221268182557,505.0624932700509
379,66.12221268182557,365.8219921168168
295,66.12221268182557,270.0812106774848
194,66.12221268182557,201.45000209282625
111,66.12221268182557,141.68505692738128
46,66.12221268182557,99.46605567616459
27,66.12221268182557,70.37637837888269
6,66.12221268182557,57.71130990844489
4,66.12221268182557,39.52583547889883
6,66.12221268182557,27.348385572925615
53,66.12221268182557,50.78620575561691
173,66.12221268182557,133.14432168960042
526,66.12221268182557,348.77070566631795
801,66.12221268182557,545.9318147521197
373,66.12221268182557,350.60194804779763
171,66.12221268182557,321.2423579047593
236,66.12221268182557,402.1023786015413
316,66.12221268182557,473.0028461008444
306,66.12221268182557,464.736823538721
301,66.12221268182557,447.54786425627805
308,66.12221268182557,456.6716473647656
532,66.12221268182557,552.6257923721304
963,66.12221268182557,779.7346922151064
858,66.12221268182557,700.7080538163349
572,66.12221268182557,505.55331484394577
441,66.12221268182557,366.31281368606625
313,66.12221268182557,270.5720322452267
238,66.12221268182557,201.94082365833614
123,66.12221268182557,142.17587849132127
76,66.12221268182557,99.95687723814576
28,66.12221268182557,70.8671999389369
18,66.12221268182557,58.202131467550885
8,66.12221268182557,40.016657037817396
5,66.12221268182557,27.839207132542594
55,66.12221268182557,51.27702731567357
171,66.12221268182557,133.6351432512524
495,66.12221268182557,349.2615272320287
779,66.12221268182557,546.4226363203045
343,66.12221268182557,351.0927696084686
225,66.12221268182557,321.7331794604383
238,66.12221268182557,402.59320015652395
319,66.12221268182557,473.49366765542214
313,66.12221268182557,465.2276450950361
285,66.12221268182557,448.03868581180654
305,66.12221268182557,457.16246891967086
499,66.12221268182557,553.1166139292028
886,66.12221268182557,780.2255137788874
809,66.12221268182557,701.1988753822391
542,66.12221268182557,506.04413640870644
347,66.12221268182557,366.8036352491226
271,66.12221268182557,271.06285380773005
207,66.12221268182557,202.43164522002058
135,66.12221268182557,142.66670005242975
71,66.12221268182557,100.44769879853564
36,66.12221268182557,71.35802149861986
19,66.12221268182557,58.69295302688597
13,66.12221268182557,40.50747859708373
5,66.12221268182557,28.330028692065145
50,66.12221268182557,51.76784887535742
144,66.12221268182557,134.12596481152156
421,66.12221268182557,349.7523487937867
734,66.12221268182557,546.9134578829702
403,66.12221268182557,351.58359116837784
197,66.12221268182557,322.2240010185162
290,66.12221268182557,403.0840217143465
392,66.12221268182557,473.984489213096
337,66.12221268182557,465.71846665334743
351,66.12221268182557,448.52950736982916
448,66.12221268182557,457.65329047746485
582,66.12221268182557,553.607435487792
817,66.12221268182557,780.7163353399375
665,66.12221268182557,701.6896969440679
471,66.12221268182557,506.5349579701156
311,66.12221268182557,367.29445680990653
292,66.12221268182557,271.55367536831113
217,66.12221268182557,202.92246678030133
178,66.12221268182557,143.15752161249918
142,66.12221268182557,100.93852035834145
146,66.12221268182557,71.84884305816637
90,66.12221268182557,59.18377458630484
26,66.12221268182557,40.998300156477384
13,66.12221268182557,28.820850251552795
9,66.12221268182557,52.25867043490425
31,66.12221268182557,134.61678637128307
86,66.12221268182557,350.2431703540945
213,66.12221268182557,547.4042794436109
328,66.12221268182557,352.0744127280073
479,66.12221268182557,322.7148225774739
585,66.12221268182557,403.57484327321043
668,66.12221268182557,474.4753107719055
760,66.12221268182557,466.20928821239073
750,66.12221268182557,449.0203289287667
711,66.12221268182557,458.1441120363185
612,66.12221268182557,554.0982570469373
618,66.12221268182557,781.2071568999856
456,66.12221268182557,702.1805185044018
300,66.12221268182557,507.0257795302957
296,66.12221268182557,367.7852783698573
209,66.12221268182557,272.04449692818747
157,66.12221268182557,203.4132883400674
167,66.12221268182557,143.64834317218777
117,66.12221268182557,101.42934191793334
133,66.12221268182557,72.33966461766309
116,66.12221268182557,59.67459614575475
79,66.12221268182557,41.489121715918046
20,66.12221268182557,29.31167181102793
28,66.12221268182557,52.74949199440109
39,66.12221268182557,135.10760793085868
65,66.12221268182557,350.7339919138705
173,66.12221268182557,547.8951010035091
330,66.12221268182557,352.5652342875346
434,66.12221268182557,323.2056441367547
462,66.12221268182557,404.0656648324569
491,66.12221268182557,474.966132331132
391,66.12221268182557,466.70010977170296
402,66.12221268182557,449.51115048804
301,66.12221268182557,458.6349335955611
293,66.12221268182557,554.5890786062868
225,66.12221268182557,781.6979784596665
154,66.12221268182557,702.6713400641873
54,66.12221268182557,507.51660109002484
55,66.12221268182557,368.2760999295022
46,66.12221268182557,272.53531848780506
37,66.12221268182557,203.90410989964462
14,66.12221268182557,144.13916473173654
22,66.12221268182557,101.9201634774466
116,66.12221268182557,72.83048617714147
126,66.12221268182557,60.16541770521595
124,66.12221268182557,41.97994327537585
98,66.12221268182557,29.802493370498393
124,66.12221268182557,53.240313553879524
143,66.12221268182557,135.59842949036602
115,66.12221268182557,351.2248134734513
81,66.12221268182557,548.3859225631347
64,66.12221268182557,353.05605584702414
66,66.12221268182557,323.6964656961538
39,66.12221268182557,404.5564863918434
16,66.12221268182557,475.45695389051116
8,66.12221268182557,467.19093133111363
7,66.12221268182557,450.00197204743637
3,66.12221268182557,459.1257551549461
5,66.12221268182557,555.0799001657111
24,66.12221268182557,782.1888000192123
116,66.12221268182557,703.1621616237716
337,66.12221268182557,508.0074226495884
621,66.12221268182557,368.766921489035
297,66.12221268182557,273.02614004732783
168,66.12221268182557,204.39493145915253
189,66.12221268182557,144.62998629123402
241,66.12221268182557,102.4109850369311
213,66.12221268182557,73.32130773661315
224,66.12221268182557,60.65623926468133
230,66.12221268182557,42.47076483483999
424,66.12221268182557,30.293314929967163
723,66.12221268182557,53.731135113351215
584,66.12221268182557,136.0892510498483
410,66.12221268182557,351.7156350329606
268,66.12221268182557,548.8767441226605
192,66.12221268182557,353.5468774065
165,66.12221268182557,324.18728725559646
101,66.12221268182557,405.0473079512814
60,66.12221268182557,475.94777544994645
30,66.12221268182557,467.6817528905604
20,66.12221268182557,450.49279360687797
15,66.12221268182557,459.6165767143836
10,66.12221268182557,555.570721725163
40,66.12221268182557,782.6796215787087
148,66.12221268182557,703.6529831832822
420,66.12221268182557,508.49824420909135
680,66.12221268182557,369.2577430485266
331,66.12221268182557,273.51696160681576
146,66.12221268182557,204.88575301863503
170,66.12221268182557,145.12080785071268
221,66.12221268182557,102.90180659640501
248,66.12221268182557,73.81212929608236
185,66.12221268182557,61.14706082414825
214,66.12221268182557,42.96158639430645
344,66.12221268182557,30.784136489435326
689,66.12221268182557,54.22195667282045
678,66.12221268182557,136.58007260932143
452,66.12221268182557,352.20645659244366
296,66.12221268182557,549.3675656821495
267,66.12221268182557,354.0376989659706
202,66.12221268182557,324.67810881505494
120,66.12221268182557,405.53812951073814
50,66.12221268182557,476.4385970094023
24,66.12221268182557,468.17257445002053
10,66.12221268182557,450.98361516633616
3,66.12221268182557,460.10739827384026
7,66.12221268182557,556.0615432846249
26,66.12221268182557,783.170443138187
122,66.12221268182557,704.1438047427657
357,66.12221268182557,508.98906576857195
687,66.12221268182557,369.7485646080031
382,66.12221268182557,274.0077831662909
204,66.12221268182557,205.37657457810818
221,66.12221268182557,145.61162941018446
292,66.12221268182557,103.39262815587499
294,66.12221268182557,74.30295085555062
262,66.12221268182557,61.63788238361565
306,66.12221268182557,43.45240795377367
421,66.12221268182557,31.27495804890318
638,66.12221268182557,54.71277823228869
522,66.12221268182557,137.07089416879109
374,66.12221268182557,352.697278151917
221,66.12221268182557,549.858387241625
156,66.12221268182557,354.52852052543943
149,66.12221268182557,325.1689303745193
119,66.12221268182557,406.02895107020197
108,66.12221268182557,476.9294185688657
89,66.12221268182557,468.66339600948544
46,66.12221268182557,451.4744367258004
28,66.12221268182557,460.5982198333039
16,66.12221268182557,556.5523648440906
9,66.12221268182557,783.6612646976586
21,66.12221268182557,704.6346263022391
59,66.12221268182557,509.47988732804447
142,66.12221268182557,370.23938616747404
219,66.12221268182557,274.49860472576137
328,66.12221268182557,205.8673961375779
340,66.12221268182557,146.10245096965366
394,66.12221268182557,103.88344971534356
449,66.12221268182557,74.79377241501857
455,66.12221268182557,62.12870394308328
448,66.12221268182557,43.94322951324125
400,66.12221268182557,31.765779608370977
410,66.12221268182557,55.20359979175664
297,66.12221268182557,137.56171572825957
239,66.12221268182557,353.18809971138677
181,66.12221268182557,550.3492088010956
166,66.12221268182557,355.01934208490763
146,66.12221268182557,325.6597519339859
148,66.12221268182557,406.5197726296683
102,66.12221268182557,477.4202401283319
165,66.12221268182557,469.1542175689522
37,66.12221268182557,451.9652582852669
11,66.12221268182557,461.0890413927702
9,66.12221268182557,557.0431864035576
5,66.12221268182557,784.1520862571277
16,66.12221268182557,705.1254478617091
50,66.12221268182557,509.97070888751404
149,66.12221268182557,370.73020772694304
217,66.12221268182557,274.9894262852302
360,66.12221268182557,206.35821769704643
445,66.12221268182557,146.59327252912198
504,66.12221268182557,104.37427127481163
493,66.12221268182557,75.28459397448641
509,66.12221268182557,62.619525502551014
449,66.12221268182557,44.43405107270896
435,66.12221268182557,32.25660116783878
327,66.12221268182557,55.6944213512245
237,66.12221268182557,138.05253728772763
227,66.12221268182557,353.67892127085537
141,66.12221268182557,550.8400303605646
87,66.12221268182557,355.51016364437555
79,66.12221268182557,326.1505734934532
53,66.12221268182557,407.01059418913553
23,66.12221268182557,477.911061687799
8,66.12221268182557,469.64503912841957
6,66.12221268182557,452.4560798447341
4,66.12221268182557,461.5798629522375
16,66.12221268182557,557.534007963025
39,66.12221268182557,784.642907816596
139,66.12221268182557,705.6162694211775
461,66.12221268182557,510.4615304469824
648,66.12221268182557,371.2210292864111
257,66.12221268182557,275.4802478446982
142,66.12221268182557,206.84903925651443
150,66.12221268182557,147.0840940885899
244,66.12221268182557,104.86509283427947
222,66.12221268182557,75.77541553395416
196,66.12221268182557,63.11034706201872
231,66.12221268182557,44.924872632176665
360,66.12221268182557,32.7474227273065
638,66.12221268182557,56.18524291069224
542,66.12221268182557,138.5433588471954
372,66.12221268182557,354.1697428303233
241,66.12221268182557,551.3308519200326
152,66.12221268182557,356.00098520384324
115,66.12221268182557,326.64139505292064
53,66.12221268182557,407.5014157486029
19,66.12221268182557,478.4018832472665
8,66.12221268182557,470.1358606878871
2,66.12221268182557,452.94690140420164
4,66.12221268182557,462.0706845117049
7,66.12221268182557,558.0248295224926
41,66.12221268182557,785.133729376064
149,66.12221268182557,706.1070909806455
387,66.12221268182557,510.9523520064502
588,66.12221268182557,371.71185084587904
363,66.12221268182557,275.97106940416603
230,66.12221268182557,207.33986081598218
216,66.12221268182557,147.5749156480576
248,66.12221268182557,105.35591439374716
278,66.12221268182557,76.26623709342182
240,66.12221268182557,63.60116862148635
272,66.12221268182557,45.41569419164429
402,66.12221268182557,33.23824428677415
627,66.12221268182557,56.67606447015989
497,66.12221268182557,139.03418040666313
371,66.12221268182557,354.660564389791
228,66.12221268182557,551.8216734795003
151,66.12221268182557,356.49180676331093
153,66.12221268182557,327.1322166123883
205,66.12221268182557,407.99223730807057
283,66.12221268182557,478.8927048067341
92,66.12221268182557,470.6266822473547
74,66.12221268182557,453.43772296366933
11,66.12221268182557,462.5615060711726
9,66.12221268182557,558.5156510819603
27,66.12221268182557,785.6245509355317
118,66.12221268182557,706.5979125401133
319,66.12221268182557,511.4431735659182
601,66.12221268182557,372.20267240534685
368,66.12221268182557,276.46189096363383
178,66.12221268182557,207.8306823754499
147,66.12221268182557,148.06573720752536
212,66.12221268182557,105.84673595321486
181,66.12221268182557,76.75705865288951
161,66.12221268182557,64.09199018095407
198,66.12221268182557,45.906515751111996
273,66.12221268182557,33.72906584624186
517,66.12221268182557,57.16688602962759
465,66.12221268182557,139.52500196613082
319,66.12221268182557,355.1513859492587
256,66.12221268182557,552.3124950389681
126,66.12221268182557,356.9826283227787
60,66.12221268182557,327.6230381718559
40,66.12221268182557,408.48305886753815
15,66.12221268182557,479.3835263662017
12,66.12221268182557,471.11750380682236
6,66.12221268182557,453.9285445231369
10,66.12221268182557,463.05232763064015
35,66.12221268182557,559.0064726414279
124,66.12221268182557,786.1153724949993
423,66.12221268182557,707.088734099581
668,66.12221268182557,511.9339951253857
275,66.12221268182557,372.69349396481437
161,66.12221268182557,276.95271252310135
171,66.12221268182557,208.32150393491747
235,66.12221268182557,148.5565587669929
228,66.12221268182557,106.33755751268245
182,66.12221268182557,77.24788021235709
233,66.12221268182557,64.5828117404216
339,66.12221268182557,46.397337310579545
592,66.12221268182557,34.2198874057094
507,66.12221268182557,57.657707589095146
373,66.12221268182557,140.0158235255984
245,66.12221268182557,355.6422075087263
233,66.12221268182557,552.8033165984357
161,66.12221268182557,357.4734498822462
87,66.12221268182557,328.1138597313235
55,66.12221268182557,408.9738804270057
20,66.12221268182557,479.87434792566927
12,66.12221268182557,471.60832536628993
9,66.12221268182557,454.4193660826045
14,66.12221268182557,463.5431491901077
27,66.12221268182557,559.4972942008955
131,66.12221268182557,786.6061940544669
341,66.12221268182557,707.5795556590485
693,66.12221268182557,512.4248166848533
327,66.12221268182557,373.18431552428206
197,66.12221268182557,277.44353408256904
251,66.12221268182557,208.81232549438516
262,66.12221268182557,149.0473803264606
299,66.12221268182557,106.82837907215013
274,66.12221268182557,77.73870177182476
356,66.12221268182557,65.0736332998893
434,66.12221268182557,46.888158870047235
654,66.12221268182557,34.71070896517709
496,66.12221268182557,58.14852914856284
361,66.12221268182557,140.50664508506608
255,66.12221268182557,356.133029068194
199,66.12221268182557,553.2941381579033
163,66.12221268182557,357.9642714417138
162,66.12221268182557,328.60468129079106
122,66.12221268182557,409.4647019864733
76,66.12221268182557,480.36516948513685
44,66.12221268182557,472.0991469257575
20,66.12221268182557,454.91018764207206
6,66.12221268182557,464.0339707495753
10,66.12221268182557,559.988115760363
16,66.12221268182557,787.0970156139344
71,66.12221268182557,708.0703772185161
146,66.12221268182557,512.9156382443209
259,66.12221268182557,373.67513708374963
350,66.12221268182557,277.9343556420366
466,66.12221268182557,209.30314705385274
606,66.12221268182557,149.53820188592817
651,66.12221268182557,107.3192006316177
627,66.12221268182557,78.22952333129234
567,66.12221268182557,65.56445485935687
605,66.12221268182557,47.37898042951481
501,66.12221268182557,35.20153052464467
359,66.12221268182557,58.63935070803041
283,66.12221268182557,140.99746664453366
192,66.12221268182557,356.62385062766157
220,66.12221268182557,553.7849597173708
193,66.12221268182557,358.45509300118135
146,66.12221268182557,329.09550285025864
124,66.12221268182557,409.9555235459409
108,66.12221268182557,480.8559910446044
70,66.12221268182557,472.5899684852251
48,66.12221268182557,455.40100920153964
11,66.12221268182557,464.5247923090429
12,66.12221268182557,560.4789373198306
19,66.12221268182557,787.587837173402
68,66.12221268182557,708.5611987779837
119,66.12221268182557,513.4064598037885
273,66.12221268182557,374.1659586432172
405,66.12221268182557,278.4251772015042
504,66.12221268182557,209.79396861332032
585,66.12221268182557,150.02902344539575
686,66.12221268182557,107.81002219108528
654,66.12221268182557,78.72034489075992
724,66.12221268182557,66.05527641882445
653,66.12221268182557,47.86980198898239
493,66.12221268182557,35.692352084112244
405,66.12221268182557,59.13017226749799
277,66.12221268182557,141.48828820400124
200,66.12221268182557,357.11467218712914
171,66.12221268182557,554.2757812768384
134,66.12221268182557,358.94591456064893
109,66.12221268182557,329.5863244097262
49,66.12221268182557,410.44634510540845
30,66.12221268182557,481.346812604072
20,66.12221268182557,473.08079004469266
4,66.12221268182557,455.8918307610072
4,66.12221268182557,465.01561386851046
24,66.12221268182557,560.9697588792982
71,66.12221268182557,788.0786587328696
264,66.12221268182557,709.0520203374513
540,66.12221268182557,513.8972813632561
397,66.12221268182557,374.6567802026848
266,66.12221268182557,278.9159987609718
367,66.12221268182557,210.2847901727879
419,66.12221268182557,150.51984500486333
420,66.12221268182557,108.30084375055286
444,66.12221268182557,79.2111664502275
382,66.12221268182557,66.54609797829202
434,66.12221268182557,48.360623548449965
596,66.12221268182557,36.18317364357982
551,66.12221268182557,59.62099382696557
353,66.12221268182557,141.9791097634688
304,66.12221268182557,357.6054937465967
155,66.12221268182557,554.766602836306
112,66.12221268182557,359.4367361201165
63,66.12221268182557,330.0771459691938
23,66.12221268182557,410.93716666487603
5,66.12221268182557,481.8376341635396
11,66.12221268182557,473.57161160416024
5,66.12221268182557,456.3826523204748
9,66.12221268182557,465.50643542797803
18,66.12221268182557,561.4605804387658
50,66.12221268182557,788.5694802923372
107,66.12221268182557,709.5428418969188
211,66.12221268182557,514.3881029227236
110,66.12221268182557,375.14760176215236
94,66.12221268182557,279.40682032043935
155,66.12221268182557,210.77561173225547
196,66.12221268182557,151.0106665643309
218,66.12221268182557,108.79166531002043
203,66.12221268182557,79.70198800969507
217,66.12221268182557,67.0369195377596
310,66.12221268182557,48.85144510791754
608,66.12221268182557,36.6739952030474
559,66.12221268182557,60.11181538643314
356,66.12221268182557,142.4699313229364
223,66.12221268182557,358.0963153060643
187,66.12221268182557,555.2574243957736
135,66.12221268182557,359.9275576795841
84,66.12221268182557,330.56796752866137
24,66.12221268182557,411.4279882243436
12,66.12221268182557,482.32845572300715
1,66.12221268182557,474.0624331636278
5,66.12221268182557,456.87347387994237
6,66.12221268182557,465.9972569874456
39,66.12221268182557,561.9514019982333
146,66.12221268182557,789.0603018518048
415,66.12221268182557,710.0336634563864
691,66.12221268182557,514.8789244821912
332,66.12221268182557,375.63842332161994
171,66.12221268182557,279.8976418799069
151,66.12221268182557,211.26643329172305
240,66.12221268182557,151.50148812379848
214,66.12221268182557,109.28248686948801
181,66.12221268182557,80.19280956916265
260,66.12221268182557,67.52774109722718
321,66.12221268182557,49.34226666738512
583,66.12221268182557,37.164816762514974
567,66.12221268182557,60.60263694590072
396,66.12221268182557,142.96075288240397
267,66.12221268182557,358.5871368655319
213,66.12221268182557,555.7482459552411
173,66.12221268182557,360.41837923905166
87,66.12221268182557,331.05878908812895
34,66.12221268182557,411.9188097838112
16,66.12221268182557,482.81927728247473
7,66.12221268182557,474.5532547230954
2,66.12221268182557,457.36429543940994
5,66.12221268182557,466.4880785469132
37,66.12221268182557,562.4422235577009
147,66.12221268182557,789.5511234112723
410,66.12221268182557,710.524485015854
646,66.12221268182557,515.3697460416588
323,66.12221268182557,376.1292448810875
153,66.12221268182557,280.3884634393745
166,66.12221268182557,211.75725485119062
213,66.12221268182557,151.99230968326606
217,66.12221268182557,109.77330842895559
201,66.12221268182557,80.68363112863022
217,66.12221268182557,68.01856265669475
342,66.12221268182557,49.833088226852695
563,66.12221268182557,37.65563832198255
573,66.12221268182557,61.0934585053683
386,66.12221268182557,143.45157444187154
285,66.12221268182557,359.07795842499945
224,66.12221268182557,556.2390675147087
153,66.12221268182557,360.90920079851924
125,66.12221268182557,331.5496106475965
65,66.12221268182557,412.40963134327876
21,66.12221268182557,483.3100988419423
9,66.12221268182557,475.04407628256297
6,66.12221268182557,457.8551169988775
5,66.12221268182557,466.97890010638076
36,66.12221268182557,562.9330451171685
130,66.12221268182557,790.0419449707399
367,66.12221268182557,711.0153065753216
711,66.12221268182557,515.8605676011264
351,66.12221268182557,376.6200664405551
198,66.12221268182557,280.8792849988421
218,66.12221268182557,212.2480764106582
290,66.12221268182557,152.48313124273363
278,66.12221268182557,110.26412998842316
251,66.12221268182557,81.1744526880978
267,66.12221268182557,68.50938421616233
383,66.12221268182557,50.32390978632027
580,66.12221268182557,38.14645988145013
505,66.12221268182557,61.58428006483587
332,66.12221268182557,143.94239600133912
227,66.12221268182557,359.568779984467
178,66.12221268182557,556.7298890741763
162,66.12221268182557,361.4000223579868
128,66.12221268182557,332.0404322070641
106,66.12221268182557,412.90045290274634
87,66.12221268182557,483.8009204014099
49,66.12221268182557,475.53489784203055
21,66.12221268182557,458.3459385583451
7,66.12221268182557,467.46972166584834
11,66.12221268182557,563.4238666766361
21,66.12221268182557,790.5327665302075
78,66.12221268182557,711.5061281347892
168,66.12221268182557,516.351389160594
248,66.12221268182557,377.11088800002267
320,66.12221268182557,281.37010655830966
423,66.12221268182557,212.73889797012578
476,66.12221268182557,152.9739528022012
525,66.12221268182557,110.75495154789074
555,66.12221268182557,81.66527424756538
549,66.12221268182557,69.00020577562991
469,66.12221268182557,50.81473134578785
403,66.12221268182557,38.637281440917704
271,66.12221268182557,62.07510162430345
253,66.12221268182557,144.4332175608067
172,66.12221268182557,360.0596015439346
139,66.12221268182557,557.2207106336439
145,66.12221268182557,361.8908439174544
133,66.12221268182557,332.5312537665317
129,66.12221268182557,413.3912744622139
95,66.12221268182557,484.29174196087746
73,66.12221268182557,476.0257194014981
46,66.12221268182557,458.8367601178127
12,66.12221268182557,467.9605432253159
12,66.12221268182557,563.9146882361036
15,66.12221268182557,791.0235880896751
42,66.12221268182557,711.9969496942567
119,66.12221268182557,516.8422107200615
204,66.12221268182557,377.60170955949025
329,66.12221268182557,281.86092811777723
359,66.12221268182557,213.22971952959335
442,66.12221268182557,153.4647743616688
447,66.12221268182557,111.24577310735832
428,66.12221268182557,82.15609580703295
407,66.12221268182557,69.49102733509748
372,66.12221268182557,51.305552905255425
280,66.12221268182557,39.12810300038528
276,66.12221268182557,62.56592318377103
210,66.12221268182557,144.92403912027427
129,66.12221268182557,360.5504231034022
110,66.12221268182557,557.7115321931115
74,66.12221268182557,362.38166547692197
59,66.12221268182557,333.02207532599925
27,66.12221268182557,413.8820960216815
19,66.12221268182557,484.78256352034504
5,66.12221268182557,476.5165409609657
2,66.12221268182557,459.32758167728025
12,66.12221268182557,468.4513647847835
39,66.12221268182557,564.4055097955712
131,66.12221268182557,791.5144096491426
386,66.12221268182557,712.4877712537243
663,66.12221268182557,517.3330322795291
278,66.12221268182557,378.0925311189578
139,66.12221268182557,282.3517496772448
197,66.12221268182557,213.72054108906093
242,66.12221268182557,153.95559592113636
251,66.12221268182557,111.7365946668259
217,66.12221268182557,82.64691736650053
257,66.12221268182557,69.98184889456506
380,66.12221268182557,51.796374464723
619,66.12221268182557,39.61892455985286
580,66.12221268182557,63.0567447432386
406,66.12221268182557,145.41486067974185
259,66.12221268182557,361.04124466286976
203,66.12221268182557,558.202353752579
113,66.12221268182557,362.87248703638954
74,66.12221268182557,333.51289688546683
29,66.12221268182557,414.37291758114907
13,66.12221268182557,485.2733850798126
5,66.12221268182557,477.0073625204333
2,66.12221268182557,459.8184032367478
6,66.12221268182557,468.94218634425107
34,66.12221268182557,564.8963313550388
148,66.12221268182557,792.0052312086102
418,66.12221268182557,712.9785928131919
665,66.12221268182557,517.8238538389967
326,66.12221268182557,378.5833526784254
176,66.12221268182557,282.8425712367124
205,66.12221268182557,214.2113626485285
313,66.12221268182557,154.44641748060394
267,66.12221268182557,112.22741622629347
224,66.12221268182557,83.13773892596811
287,66.12221268182557,70.47267045403264
395,66.12221268182557,52.28719602419058
590,66.12221268182557,40.109746119320434
550,66.12221268182557,63.54756630270618
384,66.12221268182557,145.90568223920943
235,66.12221268182557,361.53206622233733
157,66.12221268182557,558.6931753120466
122,66.12221268182557,363.3633085958571
83,66.12221268182557,334.0037184449344
26,66.12221268182557,414.86373914061664
14,66.12221268182557,485.7642066392802
8,66.12221268182557,477.49818407990085
2,66.12221268182557,460.3092247962154
10,66.12221268182557,469.43300790371865
29,66.12221268182557,565.3871529145064
101,66.12221268182557,792.4960527680778
273,66.12221268182557,713.4694143726595
551,66.12221268182557,518.3146753984643
365,66.12221268182557,379.074174237893
172,66.12221268182557,283.33339279617996
241,66.12221268182557,214.70218420799608
344,66.12221268182557,154.93723904007152
365,66.12221268182557,112.71823778576105
413,66.12221268182557,83.62856048543568
449,66.12221268182557,70.96349201350021
469,66.12221268182557,52.778017583658155
374,66.12221268182557,40.60056767878801
311,66.12221268182557,64.03838786217375
243,66.12221268182557,146.39650379867697
136,66.12221268182557,362.0228877818049
105,66.12221268182557,559.1839968715142
88,66.12221268182557,363.8541301553247
57,66.12221268182557,334.494540004402
46,66.12221268182557,415.3545607000842
42,66.12221268182557,486.25502819874777
18,66.12221268182557,477.98900563936843
6,66.12221268182557,460.800046355683
3,66.12221268182557,469.9238294631862
8,66.12221268182557,565.877974473974
17,66.12221268182557,792.9868743275454
56,66.12221268182557,713.960235932127
97,66.12221268182557,518.8054969579318
119,66.12221268182557,379.56499579736055
219,66.12221268182557,283.82421435564754
232,66.12221268182557,215.19300576746366
262,66.12221268182557,155.4280605995391
269,66.12221268182557,113.20905934522862
220,66.12221268182557,84.11938204490326
228,66.12221268182557,71.45431357296779
182,66.12221268182557,53.26883914312573
109,66.12221268182557,41.09138923825559
70,66.12221268182557,64.52920942164133
44,66.12221268182557,146.88732535814455
52,66.12221268182557,362.5137093412725
46,66.12221268182557,559.6748184309818
44,66.12221268182557,364.3449517147923
36,66.12221268182557,334.98536156386956
32,66.12221268182557,415.8453822595518
13,66.12221268182557,486.74584975821534
5,66.12221268182557,478.479827198836
1,66.12221268182557,461.29086791515056
4,66.12221268182557,470.4146510226538
10,66.12221268182557,566.3687960334415
20,66.12221268182557,793.4776958870129
77,66.12221268182557,714.4510574915946
94,66.12221268182557,519.2963185173994
112,66.12221268182557,380.05581735682813
201,66.12221268182557,284.3150359151151
251,66.12221268182557,215.68382732693124
379,66.12221268182557,155.91888215900667
424,66.12221268182557,113.6998809046962
435,66.12221268182557,84.61020360437084
447,66.12221268182557,71.94513513243537
357,66.12221268182557,53.75966070259331
300,66.12221268182557,41.582210797723164
208,66.12221268182557,65.0200309811089
154,66.12221268182557,147.37814691761213
142,66.12221268182557,363.00453090074006
98,66.12221268182557,560.1656399904493
79,66.12221268182557,364.83577327425985
67,66.12221268182557,335.47618312333714
42,66.12221268182557,416.3362038190194
20,66.12221268182557,487.2366713176829
32,66.12221268182557,478.9706487583036
11,66.12221268182557,461.78168947461813
3,66.12221268182557,470.9054725821214
3,66.12221268182557,566.8596175929091
10,66.12221268182557,793.9685174464805
25,66.12221268182557,714.9418790510622
62,66.12221268182557,519.787140076867
122,66.12221268182557,380.5466389162957
142,66.12221268182557,284.8058574745827
186,66.12221268182557,216.1746488863988
199,66.12221268182557,156.40970371847425
225,66.12221268182557,114.19070246416378
207,66.12221268182557,85.10102516383841
198,66.12221268182557,72.43595669190294
170,66.12221268182557,54.250482262060885
126,66.12221268182557,42.07303235719074
145,66.12221268182557,65.51085254057648
83,66.12221268182557,147.8689684770797
58,66.12221268182557,363.49535246020764
75,66.12221268182557,560.6564615499169
76,66.12221268182557,365.3265948337274
57,66.12221268182557,335.9670046828047
34,66.12221268182557,416.82702537848695
36,66.12221268182557,487.7274928771505
28,66.12221268182557,479.46147031777116
8,66.12221268182557,462.2725110340857
2,66.12221268182557,471.39629414158895
3,66.12221268182557,567.3504391523767
11,66.12221268182557,794.4593390059481
21,66.12221268182557,715.4327006105298
34,66.12221268182557,520.2779616363346
96,66.12221268182557,381.0374604757633
139,66.12221268182557,285.29667903405027
204,66.12221268182557,216.6654704458664
202,66.12221268182557,156.90052527794182
195,66.12221268182557,114.68152402363135
203,66.12221268182557,85.59184672330599
245,66.12221268182557,72.92677825137052
228,66.12221268182557,54.74130382152846
181,66.12221268182557,42.56385391665832
141,66.12221268182557,66.00167410004406
127,66.12221268182557,148.35979003654728
119,66.12221268182557,363.9861740196752
64,66.12221268182557,561.1472831093845
62,66.12221268182557,365.817416393195
41,66.12221268182557,336.4578262422723
23,66.12221268182557,417.3178469379545
10,66.12221268182557,488.2183144366181
5,66.12221268182557,479.95229187723874
5,66.12221268182557,462.7633325935533
10,66.12221268182557,471.88711570105653
41,66.12221268182557,567.8412607118443
124,66.12221268182557,794.9501605654157
365,66.12221268182557,715.9235221699973
638,66.12221268182557,520.7687831958021
286,66.12221268182557,381.52828203523086
147,66.12221268182557,285.78750059351785
130,66.12221268182557,217.15629200533397
210,66.12221268182557,157.3913468374094
217,66.12221268182557,115.17234558309893
228,66.12221268182557,86.08266828277357
230,66.12221268182557,73.4175998108381
346,66.12221268182557,55.23212538099604
553,66.12221268182557,43.054675476125894
521,66.12221268182557,66.49249565951163
371,66.12221268182557,148.85061159601486
277,66.12221268182557,364.4769955791428
181,66.12221268182557,561.6381046688521
104,66.12221268182557,366.3082379526626
65,66.12221268182557,336.94864780173987
26,66.12221268182557,417.8086684974221
6,66.12221268182557,488.70913599608565
5,66.12221268182557,480.4431134367063
4,66.12221268182557,463.25415415302086
5,66.12221268182557,472.3779372605241
31,66.12221268182557,568.3320822713118
100,66.12221268182557,795.4409821248832
293,66.12221268182557,716.4143437294649
500,66.12221268182557,521.2596047552697
268,66.12221268182557,382.01910359469844
57,66.12221268182557,286.2783221529854
65,66.12221268182557,217.64711356480154
76,66.12221268182557,157.88216839687698
77,66.12221268182557,115.66316714256651
94,66.12221268182557,86.57348984224114
155,66.12221268182557,73.90842137030567
257,66.12221268182557,55.722946940463615
527,66.12221268182557,43.54549703559347
482,66.12221268182557,66.98331721897921
350,66.12221268182557,149.34143315548243
232,66.12221268182557,364.96781713861037
185,66.12221268182557,562.1289262283196
97,66.12221268182557,366.79905951213016
67,66.12221268182557,337.43946936120744
23,66.12221268182557,418.2994900568897
12,66.12221268182557,489.1999575555532
1,66.12221268182557,480.9339349961739
3,66.12221268182557,463.74497571248844
4,66.12221268182557,472.8687588199917
39,66.12221268182557,568.8229038307794
136,66.12221268182557,795.9318036843508
409,66.12221268182557,716.9051652889325
692,66.12221268182557,521.7504263147373
322,66.12221268182557,382.509925154166
161,66.12221268182557,286.769143712453
146,66.12221268182557,218.13793512426912
208,66.12221268182557,158.37298995634455
214,66.12221268182557,116.15398870203408
176,66.12221268182557,87.06431140170872
179,66.12221268182557,74.39924292977325
325,66.12221268182557,56.21376849993119
563,66.12221268182557,44.03631859506105
542,66.12221268182557,67.47413877844679
387,66.12221268182557,149.83225471495
263,66.12221268182557,365.45863869807795
223,66.12221268182557,562.6197477877872
154,66.12221268182557,367.28988107159773
78,66.12221268182557,337.930290920675
29,66.12221268182557,418.79031161635726
16,66.12221268182557,489.6907791150208
7,66.12221268182557,481.42475655564147
7,66.12221268182557,464.235797271956
42,66.12221268182557,473.35958037945926
121,66.12221268182557,569.313725390247
362,66.12221268182557,796.4226252438184
679,66.12221268182557,717.3959868484001
299,66.12221268182557,522.2412478742049
178,66.12221268182557,383.0007467136336
163,66.12221268182557,287.2599652719206
236,66.12221268182557,218.6287566837367
224,66.12221268182557,158.86381151581213
187,66.12221268182557,116.64481026150166
220,66.12221268182557,87.5551329611763
370,66.12221268182557,74.89006448924083
561,66.12221268182557,56.70459005939877
537,66.12221268182557,44.527140154528624
344,66.12221268182557,67.96496033791436
252,66.12221268182557,150.3230762744176
208,66.12221268182557,365.9494602575455
151,66.12221268182557,563.1105693472548
130,66.12221268182557,367.7807026310653
52,66.12221268182557,338.4211124801426
19,66.12221268182557,419.28113317582483
12,66.12221268182557,490.1816006744884
4,66.12221268182557,481.91557811510904
3,66.12221268182557,464.7266188314236
40,66.12221268182557,473.85040193892684
106,66.12221268182557,569.8045469497146
352,66.12221268182557,796.913446803286
729,66.12221268182557,717.8868084078676
330,66.12221268182557,522.7320694336725
169,66.12221268182557,383.49156827310117
201,66.12221268182557,287.75078683138815
268,66.12221268182557,219.11957824320427
262,66.12221268182557,159.3546330752797
251,66.12221268182557,117.13563182096924
296,66.12221268182557,88.04595452064387
405,66.12221268182557,75.3808860487084
582,66.12221268182557,57.195411618866345
509,66.12221268182557,45.0179617139962
377,66.12221268182557,68.45578189738194
245,66.12221268182557,150.81389783388516
183,66.12221268182557,366.4402818170131
163,66.12221268182557,563.6013909067224
110,66.12221268182557,368.2715241905329
108,66.12221268182557,338.9119340396102
69,66.12221268182557,419.7719547352924
50,66.12221268182557,490.67242223395596
15,66.12221268182557,482.4063996745766
5,66.12221268182557,465.21744039089117
13,66.12221268182557,474.3412234983944
27,66.12221268182557,570.2953685091821
63,66.12221268182557,797.4042683627536
144,66.12221268182557,718.3776299673352
193,66.12221268182557,523.22289099314
256,66.12221268182557,383.98238983256874
392,66.12221268182557,288.24160839085573
446,66.12221268182557,219.61039980267185
509,66.12221268182557,159.84545463474728
479,66.12221268182557,117.62645338043681
484,66.12221268182557,88.53677608011145
443,66.12221268182557,75.87170760817598
320,66.12221268182557,57.68623317833392
297,66.12221268182557,45.50878327346378
249,66.12221268182557,68.94660345684952
198,66.12221268182557,151.30471939335274
158,66.12221268182557,366.9311033764807
147,66.12221268182557,564.09221246619
126,66.12221268182557,368.76234575000046
117,66.12221268182557,339.40275559907775
94,66.12221268182557,420.26277629476
74,66.12221268182557,491.16324379342353
25,66.12221268182557,482.8972212340442
7,66.12221268182557,465.70826195035875
8,66.12221268182557,474.832045057862
16,66.12221268182557,570.7861900686497
31,66.12221268182557,797.8950899222211
93,66.12221268182557,718.8684515268028
172,66.12221268182557,523.7137125526076
293,66.12221268182557,384.4732113920363
355,66.12221268182557,288.7324299503233
520,66.12221268182557,220.10122136213943
431,66.12221268182557,160.33627619421486
473,66.12221268182557,118.11727493990439
417,66.12221268182557,89.02759763957903
443,66.12221268182557,76.36252916764356
303,66.12221268182557,58.1770547378015
203,66.12221268182557,45.999604832931354
174,66.12221268182557,69.43742501631709
154,66.12221268182557,151.79554095282032
99,66.12221268182557,367.42192493594825
96,66.12221268182557,564.5830340256575
51,66.12221268182557,369.25316730946804
21,66.12221268182557,339.8935771585453
13,66.12221268182557,420.75359785422756
10,66.12221268182557,491.6540653528911
8,66.12221268182557,483.3880427935118
5,66.12221268182557,466.1990835098263
38,66.12221268182557,475.32286661732957
138,66.12221268182557,571.2770116281173
396,66.12221268182557,798.3859114816887
731,66.12221268182557,719.3592730862704
308,66.12221268182557,524.2045341120752
136,66.12221268182557,384.9640329515039
233,66.12221268182557,289.2232515097909
268,66.12221268182557,220.592042921607
321,66.12221268182557,160.82709775368244
260,66.12221268182557,118.60809649937197
268,66.12221268182557,89.5184191990466
442,66.12221268182557,76.85335072711113
708,66.12221268182557,58.667876297269075
692,66.12221268182557,46.49042639239893
471,66.12221268182557,69.92824657578467
300,66.12221268182557,152.2863625122879
221,66.12221268182557,367.91274649541583
144,66.12221268182557,565.0738555851251
102,66.12221268182557,369.7439888689356
55,66.12221268182557,340.3843987180129
25,66.12221268182557,421.24441941369514
8,66.12221268182557,492.1448869123587
4,66.12221268182557,483.87886435297935
7,66.12221268182557,466.6899050692939
46,66.12221268182557,475.81368817679714
153,66.12221268182557,571.7678331875849
502,66.12221268182557,798.8767330411563
721,66.12221268182557,719.850094645738
336,66.12221268182557,524.6953556715428
156,66.12221268182557,385.4548545109715
207,66.12221268182557,289.71407306925846
312,66.12221268182557,221.08286448107458
272,66.12221268182557,161.31791931315
270,66.12221268182557,119.09891805883954
300,66.12221268182557,90.00924075851418
435,66.12221268182557,77.34417228657871
743,66.12221268182557,59.15869785673665
731,66.12221268182557,46.98124795186651
460,66.12221268182557,70.41906813525225
306,66.12221268182557,152.77718407175547
280,66.12221268182557,368.4035680548834
181,66.12221268182557,565.5646771445927
96,66.12221268182557,370.2348104284032
37,66.12221268182557,340.8752202774805
11,66.12221268182557,421.7352409731627
9,66.12221268182557,492.63570847182626
7,66.12221268182557,484.3696859124469
10,66.12221268182557,467.1807266287615
49,66.12221268182557,476.3045097362647
124,66.12221268182557,572.2586547470524
398,66.12221268182557,799.3675546006239
759,66.12221268182557,720.3409162052055
388,66.12221268182557,525.1861772310103
141,66.12221268182557,385.94567607043905
172,66.12221268182557,290.20489462872604
232,66.12221268182557,221.57368604054216
214,66.12221268182557,161.8087408726176
218,66.12221268182557,119.58973961830712
285,66.12221268182557,90.50006231798176
377,66.12221268182557,77.83499384604629
605,66.12221268182557,59.64951941620423
609,66.12221268182557,47.472069511334084
414,66.12221268182557,70.90988969471982
293,66.12221268182557,153.26800563122305
198,66.12221268182557,368.894389614351
105,66.12221268182557,566.0554987040603
74,66.12221268182557,370.72563198787077
44,66.12221268182557,341.36604183694806
16,66.12221268182557,422.2260625326303
9,66.12221268182557,493.12653003129384
2,66.12221268182557,484.8605074719145
9,66.12221268182557,467.67154818822905
32,66.12221268182557,476.7953312957323
124,66.12221268182557,572.74947630652
389,66.12221268182557,799.8583761600914
659,66.12221268182557,720.8317377646731
276,66.12221268182557,525.6769987904779
145,66.12221268182557,386.4364976299066
178,66.12221268182557,290.6957161881936
235,66.12221268182557,222.06450760000973
245,66.12221268182557,162.29956243208517
212,66.12221268182557,120.0805611777747
270,66.12221268182557,90.99088387744933
331,66.12221268182557,78.32581540551386
617,66.12221268182557,60.140340975671805
565,66.12221268182557,47.96289107080166
373,66.12221268182557,71.4007112541874
227,66.12221268182557,153.75882719069062
191,66.12221268182557,369.38521117381856
133,66.12221268182557,566.5463202635278
93,66.12221268182557,371.21645354733835
48,66.12221268182557,341.85686339641563
28,66.12221268182557,422.71688409209787
11,66.12221268182557,493.6173515907614
5,66.12221268182557,485.3513290313821
10,66.12221268182557,468.16236974769663
26,66.12221268182557,477.2861528551999
84,66.12221268182557,573.2402978659876
215,66.12221268182557,800.349197719559
441,66.12221268182557,721.3225593241407
301,66.12221268182557,526.1678203499455
166,66.12221268182557,386.9273191893742
203,66.12221268182557,291.1865377476612
240,66.12221268182557,222.5553291594773
220,66.12221268182557,162.79038399155274
215,66.12221268182557,120.57138273724227
303,66.12221268182557,91.48170543691691
375,66.12221268182557,78.81663696498144
568,66.12221268182557,60.63116253513938
498,66.12221268182557,48.45371263026924
352,66.12221268182557,71.89153281365498
241,66.12221268182557,154.2496487501582
171,66.12221268182557,369.87603273328614
165,66.12221268182557,567.0371418229954
122,66.12221268182557,371.7072751068059
103,66.12221268182557,342.3476849558832
100,66.12221268182557,423.20770565156545
70,66.12221268182557,494.108173150229
29,66.12221268182557,485.84215059084966
12,66.12221268182557,468.6531913071642
6,66.12221268182557,477.77697441466745
20,66.12221268182557,573.7311194254552
39,66.12221268182557,800.8400192790266
111,66.12221268182557,721.8133808836083
170,66.12221268182557,526.6586419094131
287,66.12221268182557,387.4181407488418
404,66.12221268182557,291.67735930712877
486,66.12221268182557,223.0461507189449
547,66.12221268182557,163.28120555102032
542,66.12221268182557,121.06220429670985
541,66.12221268182557,91.97252699638449
507,66.12221268182557,79.30745852444902
345,66.12221268182557,61.12198409460696
304,66.12221268182557,48.944534189736814
246,66.12221268182557,72.38235437312255
182,66.12221268182557,154.74047030962578
209,66.12221268182557,370.3668542927537
160,66.12221268182557,567.527963382463
162,66.12221268182557,372.1980966662735
118,66.12221268182557,342.8385065153508
102,66.12221268182557,423.698527211033
78,66.12221268182557,494.59899470969657
48,66.12221268182557,486.33297215031723
12,66.12221268182557,469.1440128666318
8,66.12221268182557,478.267795974135
6,66.12221268182557,574.2219409849228
23,66.12221268182557,801.3308408384942
69,66.12221268182557,722.3042024430758
103,66.12221268182557,527.1494634688806
219,66.12221268182557,387.90896230830936
250,66.12221268182557,292.16818086659634
315,66.12221268182557,223.53697227841246
285,66.12221268182557,163.7720271104879
232,66.12221268182557,121.55302585617743
225,66.12221268182557,92.46334855585206
253,66.12221268182557,79.7982800839166
229,66.12221268182557,61.612805654074535
198,66.12221268182557,49.43535574920439
122,66.12221268182557,72.87317593259013
108,66.12221268182557,155.23129186909335
96,66.12221268182557,370.8576758522213
78,66.12221268182557,568.0187849419306
51,66.12221268182557,372.6889182257411
20,66.12221268182557,343.32932807481836
4,66.12221268182557,424.1893487705006
5,66.12221268182557,495.08981626916415
4,66.12221268182557,486.8237937097848
12,66.12221268182557,469.63483442609936
27,66.12221268182557,478.7586175336026
123,66.12221268182557,574.7127625443903
294,66.12221268182557,801.8216623979617
584,66.12221268182557,722.7950240025434
284,66.12221268182557,527.6402850283482
133,66.12221268182557,388.39978386777693
134,66.12221268182557,292.6590024260639
173,66.12221268182557,224.02779383788004
220,66.12221268182557,164.26284866995547
210,66.12221268182557,122.043847415645
236,66.12221268182557,92.95417011531964
345,66.12221268182557,80.28910164338417
616,66.12221268182557,62.10362721354211
564,66.12221268182557,49.92617730867197
427,66.12221268182557,73.3639974920577
300,66.12221268182557,155.72211342856093
245,66.12221268182557,371.34849741168887
126,66.12221268182557,568.5096065013981
84,66.12221268182557,373.17973978520865
31,66.12221268182557,343.82014963428594
8,66.12221268182557,424.6801703299682
1,66.12221268182557,495.5806378286317
3,66.12221268182557,487.3146152692524
8,66.12221268182557,470.12565598556694
41,66.12221268182557,479.2494390930702
118,66.12221268182557,575.2035841038579
380,66.12221268182557,802.3124839574293
724,66.12221268182557,723.285845562011
334,66.12221268182557,528.1311065878158
154,66.12221268182557,388.8906054272445
173,66.12221268182557,293.1498239855315
226,66.12221268182557,224.51861539734762
254,66.12221268182557,164.75367022942305
204,66.12221268182557,122.53466897511258
270,66.12221268182557,93.44499167478722
358,66.12221268182557,80.77992320285175
601,66.12221268182557,62.59444877300969
546,66.12221268182557,50.416998868139544
433,66.12221268182557,73.85481905152528
257,66.12221268182557,156.2129349880285
207,66.12221268182557,371.83931897115644
106,66.12221268182557,569.0004280608657
64,66.12221268182557,373.67056134467623
34,66.12221268182557,344.3109711937535
21,66.12221268182557,425.17099188943575
9,66.12221268182557,496.0714593880993
10,66.12221268182557,487.80543682871996
4,66.12221268182557,470.6164775450345
37,66.12221268182557,479.74026065253776
128,66.12221268182557,575.6944056633255
369,66.12221268182557,802.8033055168969
688,66.12221268182557,723.7766671214786
285,66.12221268182557,528.6219281472834
136,66.12221268182557,389.3814269867121
172,66.12221268182557,293.6406455449991
232,66.12221268182557,225.0094369568152
238,66.12221268182557,165.24449178889063
225,66.12221268182557,123.02549053458016
228,66.12221268182557,93.9358132342548
329,66.12221268182557,81.27074476231932
561,66.12221268182557,63.085270332477265
540,66.12221268182557,50.90782042760712
402,66.12221268182557,74.34564061099286
268,66.12221268182557,156.70375654749608
202,66.12221268182557,372.330140530624
122,66.12221268182557,569.4912496203333
79,66.12221268182557,374.1613829041438
32,66.12221268182557,344.8017927532211
23,66.12221268182557,425.66181344890333
8,66.12221268182557,496.5622809475669
2,66.12221268182557,488.29625838818754
8,66.12221268182557,471.1072991045021
33,66.12221268182557,480.23108221200533
114,66.12221268182557,576.1852272227931
385,66.12221268182557,803.2941270763645
679,66.12221268182557,724.2674886809461
325,66.12221268182557,529.112749706751
167,66.12221268182557,389.87224854617966
189,66.12221268182557,294.13146710446665
282,66.12221268182557,225.50025851628277
271,66.12221268182557,165.7353133483582
242,66.12221268182557,123.51631209404773
280,66.12221268182557,94.42663479372237
406,66.12221268182557,81.7615663217869
550,66.12221268182557,63.57609189194484
466,66.12221268182557,51.3986419870747
348,66.12221268182557,74.83646217046044
241,66.12221268182557,157.19457810696366
213,66.12221268182557,372.8209620900916
148,66.12221268182557,569.9820711798009
120,66.12221268182557,374.6522044636114
47,66.12221268182557,345.29261431268867
26,66.12221268182557,426.1526350083709
9,66.12221268182557,497.05310250703445
12,66.12221268182557,488.7870799476551
10,66.12221268182557,471.59812066396967
34,66.12221268182557,480.7219037714729
113,66.12221268182557,576.6760487822606
308,66.12221268182557,803.784948635832
636,66.12221268182557,724.7583102404137
343,66.12221268182557,529.6035712662185
190,66.12221268182557,390.36307010564724
211,66.12221268182557,294.6222886639342
273,66.12221268182557,225.99108007575035
313,66.12221268182557,166.22613490782578
299,66.12221268182557,124.00713365351531
309,66.12221268182557,94.91745635318995
417,66.12221268182557,82.25238788125448
622,66.12221268182557,64.06691345141242
455,66.12221268182557,51.889463546542274
319,66.12221268182557,75.32728372992801
221,66.12221268182557,157.68539966643124
172,66.12221268182557,373.3117836495592
138,66.12221268182557,570.4728927392684
134,66.12221268182557,375.14302602307896
94,66.12221268182557,345.78343587215625
95,66.12221268182557,426.6434565678385
69,66.12221268182557,497.54392406650203
23,66.12221268182557,489.2779015071227
6,66.12221268182557,472.08894222343724
3,66.12221268182557,481.2127253309405
11,66.12221268182557,577.1668703417282
48,66.12221268182557,804.2757701952996
119,66.12221268182557,725.2491317998813
220,66.12221268182557,530.0943928256861
273,66.12221268182557,390.8538916651148
393,66.12221268182557,295.1131102234018
453,66.12221268182557,226.48190163521792
456,66.12221268182557,166.71695646729336
426,66.12221268182557,124.49795521298289
447,66.12221268182557,95.40827791265752
413,66.12221268182557,82.74320944072205
309,66.12221268182557,64.55773501088
272,66.12221268182557,52.38028510600985
257,66.12221268182557,75.81810528939559
201,66.12221268182557,158.17622122589881
184,66.12221268182557,373.80260520902675
156,66.12221268182557,570.963714298736
119,66.12221268182557,375.63384758254654
110,66.12221268182557,346.2742574316238
96,66.12221268182557,427.13427812730606
87,66.12221268182557,498.0347456259696
38,66.12221268182557,489.76872306659027
11,66.12221268182557,472.5797637829048
9,66.12221268182557,481.70354689040806
6,66.12221268182557,577.6576919011958
27,66.12221268182557,804.7665917547672
88,66.12221268182557,725.7399533593489
132,66.12221268182557,530.5852143851537
257,66.12221268182557,391.3447132245824
295,66.12221268182557,295.6039317828694
417,66.12221268182557,226.9727231946855
356,66.12221268182557,167.20777802676093
310,66.12221268182557,124.98877677245046
338,66.12221268182557,95.8990994721251
400,66.12221268182557,83.23403100018963
243,66.12221268182557,65.04855657034757
107,66.12221268182557,52.87110666547743
109,66.12221268182557,76.30892684886317
122,66.12221268182557,158.6670427853664
106,66.12221268182557,374.2934267684943
89,66.12221268182557,571.4545358582036
33,66.12221268182557,376.1246691420141
28,66.12221268182557,346.7650789910914
15,66.12221268182557,427.62509968677364
5,66.12221268182557,498.5255671854372
3,66.12221268182557,490.25954462605785
5,66.12221268182557,473.0705853423724
24,66.12221268182557,482.19436844987564
108,66.12221268182557,578.1485134606634
319,66.12221268182557,805.2574133142348
592,66.12221268182557,726.2307749188165
282,66.12221268182557,531.0760359446213
135,66.12221268182557,391.83553478404997
170,66.12221268182557,296.09475334233696
232,66.12221268182557,227.46354475415308
210,66.12221268182557,167.6985995862285
181,66.12221268182557,125.47959833191804
211,66.12221268182557,96.38992103159268
302,66.12221268182557,83.72485255965721
495,66.12221268182557,65.53937812981515
507,66.12221268182557,53.361928224945004
340,66.12221268182557,76.79974840833074
200,66.12221268182557,159.15786434483397
120,66.12221268182557,374.7842483279619
54,66.12221268182557,571.9453574176712
47,66.12221268182557,376.6154907014817
18,66.12221268182557,347.255900550559
15,66.12221268182557,428.1159212462412
7,66.12221268182557,499.01638874490476
5,66.12221268182557,490.7503661855254
8,66.12221268182557,473.56140690184
36,66.12221268182557,482.6851900093432
118,66.12221268182557,578.6393350201309
355,66.12221268182557,805.7482348737024
662,66.12221268182557,726.721596478284
326,66.12221268182557,531.5668575040888
184,66.12221268182557,392.32635634351755
269,66.12221268182557,296.58557490180453
313,66.12221268182557,227.95436631362065
286,66.12221268182557,168.1894211456961
247,66.12221268182557,125.97041989138562
246,66.12221268182557,96.88074259106025
363,66.12221268182557,84.21567411912478
572,66.12221268182557,66.03019968928272
525,66.12221268182557,53.85274978441258
353,66.12221268182557,77.29056996779832
268,66.12221268182557,159.64868590430154
168,66.12221268182557,375.2750698874295
132,66.12221268182557,572.4361789771388
81,66.12221268182557,377.10631226094927
41,66.12221268182557,347.74672211002655
15,66.12221268182557,428.6067428057088
3,66.12221268182557,499.50721030437234
5,66.12221268182557,491.241187744993
7,66.12221268182557,474.05222846130755
31,66.12221268182557,483.1760115688108
112,66.12221268182557,579.1301565795985
363,66.12221268182557,806.2390564331699
678,66.12221268182557,727.2124180377516
317,66.12221268182557,532.0576790635564
164,66.12221268182557,392.8171779029851
200,66.12221268182557,297.0763964612721
236,66.12221268182557,228.44518787308823
213,66.12221268182557,168.68024270516366
218,66.12221268182557,126.4612414508532
237,66.12221268182557,97.37156415052783
334,66.12221268182557,84.70649567859236
562,66.12221268182557,66.5210212487503
569,66.12221268182557,54.34357134388016
336,66.12221268182557,77.7813915272659
241,66.12221268182557,160.13950746376912
168,66.12221268182557,375.76589144689706
129,66.12221268182557,572.9270005366063
88,66.12221268182557,377.59713382041684
42,66.12221268182557,348.23754366949413
20,66.12221268182557,429.09756436517637
8,66.12221268182557,499.9980318638399
4,66.12221268182557,491.7320093044606
6,66.12221268182557,474.5430500207751
35,66.12221268182557,483.66683312827837
118,66.12221268182557,579.6209781390661
350,66.12221268182557,806.7298779926375
599,66.12221268182557,727.7032395972192
317,66.12221268182557,532.548500623024
161,66.12221268182557,393.3079994624527
190,66.12221268182557,297.5672180207397
212,66.12221268182557,228.9360094325558
217,66.12221268182557,169.17106426463124
214,66.12221268182557,126.95206301032077
249,66.12221268182557,97.86238570999541
302,66.12221268182557,85.19731723805994
475,66.12221268182557,67.01184280821788
381,66.12221268182557,54.834392903347734
118,66.12221268182557,78.27221308673347
50,66.12221268182557,160.6303290232367
26,66.12221268182557,376.25671300636463
21,66.12221268182557,573.4178220960739
13,66.12221268182557,378.0879553798844
17,66.12221268182557,348.7283652289617
9,66.12221268182557,429.58838592464394
3,66.12221268182557,500.4888534233075
3,66.12221268182557,492.22283086392815
6,66.12221268182557,475.0338715802427
13,66.12221268182557,484.15765468774595
80,66.12221268182557,580.1117996985337
208,66.12221268182557,807.2206995521051
472,66.12221268182557,728.1940611566868
267,66.12221268182557,533.0393221824916
154,66.12221268182557,393.7988210219203
162,66.12221268182557,298.05803958020726
224,66.12221268182557,229.42683099202338
240,66.12221268182557,169.66188582409882
219,66.12221268182557,127.44288456978835
263,66.12221268182557,98.35320726946298
281,66.12221268182557,85.68813879752751
321,66.12221268182557,67.50266436768545
243,66.12221268182557,55.32521446281531
153,66.12221268182557,78.76303464620105
112,66.12221268182557,161.12115058270427
70,66.12221268182557,376.7475345658322
63,66.12221268182557,573.9086436555415
40,66.12221268182557,378.578776939352
31,66.12221268182557,349.2191867884293
35,66.12221268182557,430.0792074841115
23,66.12221268182557,500.97967498277507
7,66.12221268182557,492.71365242339573
5,66.12221268182557,475.5246931397103
5,66.12221268182557,484.6484762472135
13,66.12221268182557,580.6026212580012
20,66.12221268182557,807.7115211115727
29,66.12221268182557,728.6848827161543
90,66.12221268182557,533.5301437419591
118,66.12221268182557,394.28964258138785
159,66.12221268182557,298.54886113967484
146,66.12221268182557,229.91765255149096
158,66.12221268182557,170.1527073835664
161,66.12221268182557,127.93370612925592
153,66.12221268182557,98.84402882893056
147,66.12221268182557,86.17896035699509
114,66.12221268182557,67.99348592715303
82,66.12221268182557,55.81603602228289
60,66.12221268182557,79.25385620566863
61,66.12221268182557,161.61197214217185
53,66.12221268182557,377.2383561252998
39,66.12221268182557,574.3994652150091
40,66.12221268182557,379.0695984988196
27,66.12221268182557,349.71000834789686
20,66.12221268182557,430.5700290435791
18,66.12221268182557,501.47049654224264
9,66.12221268182557,493.2044739828633
4,66.12221268182557,476.01551469917786
6,66.12221268182557,485.1392978066811
9,66.12221268182557,581.0934428174688
19,66.12221268182557,808.2023426710402
48,66.12221268182557,729.1757042756219
56,66.12221268182557,534.0209653014267
93,66.12221268182557,394.78046414085543
152,66.12221268182557,299.0396826991424
196,66.12221268182557,230.40847411095854
186,66.12221268182557,170.64352894303397
175,66.12221268182557,128.42452768872351
137,66.12221268182557,99.33485038839817
190,66.12221268182557,86.6697819164627
114,66.12221268182557,68.48430748662064
93,66.12221268182557,56.30685758175049
58,66.12221268182557,79.74467776513623
52,66.12221268182557,162.10279370163948
42,66.12221268182557,377.7291776847674
58,66.12221268182557,574.8902867744767
25,66.12221268182557,379.56042005828726
12,66.12221268182557,350.20082990736455
11,66.12221268182557,431.0608506030468
5,66.12221268182557,501.96131810171033
3,66.12221268182557,493.695295542331
9,66.12221268182557,476.50633625864555
17,66.12221268182557,485.6301193661488
30,66.12221268182557,581.5842643769365
66,66.12221268182557,808.693164230508
85,66.12221268182557,729.6665258350897
103,66.12221268182557,534.5117868608945
124,66.12221268182557,395.27128570032323
135,66.12221268182557,299.5305042586102
70,66.12221268182557,230.89929567042634
46,66.12221268182557,171.13435050250177
33,66.12221268182557,128.91534924819132
33,66.12221268182557,99.82567194786597
26,66.12221268182557,87.1606034759305
26,66.12221268182557,68.97512904608844
18,66.12221268182557,56.797679141218296
23,66.12221268182557,80.23549932460404
22,66.12221268182557,162.5936152611073
12,66.12221268182557,378.2199992442352
11,66.12221268182557,575.3811083339446
13,66.12221268182557,380.05124161775507
13,66.12221268182557,350.69165146683235
7,66.12221268182557,431.5516721625146
1,66.12221268182557,502.45213966117814
3,66.12221268182557,494.1861171017988
7,66.12221268182557,476.99715781811335
6,66.12221268182557,486.1209409256166
11,66.12221268182557,582.0750859364043
28,66.12221268182557,809.1839857899758
32,66.12221268182557,730.1573473945575
86,66.12221268182557,535.0026084203623
114,66.12221268182557,395.76210725979104
121,66.12221268182557,300.021325818078
126,66.12221268182557,231.39011722989414
107,66.12221268182557,171.62517206196958
86,66.12221268182557,129.40617080765912
50,66.12221268182557,100.31649350733377
43,66.12221268182557,87.6514250353983
36,66.12221268182557,69.46595060555624
40,66.12221268182557,57.2885007006861
34,66.12221268182557,80.72632088407184
19,66.12221268182557,163.0844368205751
30,66.12221268182557,378.71082080370303
9,66.12221268182557,575.8719298934124
7,66.12221268182557,380.5420631772229
1,66.12221268182557,351.18247302630016
2,66.12221268182557,432.0424937219824
2,66.12221268182557,502.94296122064594
11,66.12221268182557,494.6769386612666
36,66.12221268182557,477.48797937758115
26,66.12221268182557,486.6117624850844
31,66.12221268182557,582.5659074958721
23,66.12221268182557,809.6748073494437
8,66.12221268182557,730.6481689540253
10,66.12221268182557,535.4934299798301
10,66.12221268182557,396.25292881925884
15,66.12221268182557,300.51214737754583
20,66.12221268182557,231.88093878936195
13,66.12221268182557,172.11599362143738
13,66.12221268182557,129.89699236712693
53,66.12221268182557,100.80731506680158
43,66.12221268182557,88.14224659486611
35,66.12221268182557,69.95677216502405
32,66.12221268182557,57.779322260153904
20,66.12221268182557,81.21714244353964
11,66.12221268182557,163.5752583800429
10,66.12221268182557,379.20164236317083
3,66.12221268182557,576.3627514528802
5,66.12221268182557,381.0328847366907
2,66.12221268182557,351.67329458576796
1,66.12221268182557,432.5333152814502
3,66.12221268182557,503.43378278011375
11,66.12221268182557,495.1677602207344
45,66.12221268182557,477.97880093704896
90,66.12221268182557,487.1025840445522
208,66.12221268182557,583.0567290553399
133,66.12221268182557,810.1656289089115
75,66.12221268182557,731.1389905134931
103,66.12221268182557,535.9842515392979
109,66.12221268182557,396.74375037872665
118,66.12221268182557,301.00296893701363
119,66.12221268182557,232.37176034882975
120,66.12221268182557,172.6068151809052
174,66.12221268182557,130.38781392659473
257,66.12221268182557,101.29813662626938
197,66.12221268182557,88.63306815433391
117,66.12221268182557,70.44759372449185
91,66.12221268182557,58.27014381962171
63,66.12221268182557,81.70796400300745
44,66.12221268182557,164.0660799395107
26,66.12221268182557,379.69246392263864
25,66.12221268182557,576.853573012348
9,66.12221268182557,381.5237062961585
5,66.12221268182557,352.16411614523577
2,66.12221268182557,433.024136840918
4,66.12221268182557,503.92460433958155
15,66.12221268182557,495.6585817802022
51,66.12221268182557,478.46962249651676
112,66.12221268182557,487.59340560402
239,66.12221268182557,583.5475506148077
191,66.12221268182557,810.6564504683793
162,66.12221268182557,731.6298120729609
178,66.12221268182557,536.4750730987657
222,66.12221268182557,397.23457193819445
222,66.12221268182557,301.49379049648144
261,66.12221268182557,232.86258190829756
225,66.12221268182557,173.097636740373
250,66.12221268182557,130.87863548606254
271,66.12221268182557,101.78895818573719
213,66.12221268182557,89.12388971380172
128,66.12221268182557,70.93841528395966
97,66.12221268182557,58.76096537908951
92,66.12221268182557,82.19878556247525
62,66.12221268182557,164.5569014989785
59,66.12221268182557,380.18328548210644
26,66.12221268182557,577.3443945718158
37,66.12221268182557,382.0145278556263
19,66.12221268182557,352.65493770470357
6,66.12221268182557,433.5149584003858
3,66.12221268182557,504.41542589904935
3,66.12221268182557,496.14940333967
7,66.12221268182557,478.96044405598457
18,66.12221268182557,488.0842271634878
44,66.12221268182557,584.0383721742755
49,66.12221268182557,811.1472720278471
41,66.12221268182557,732.1206336324287
45,66.12221268182557,536.9658946582335
48,66.12221268182557,397.72539349766225
84,66.12221268182557,301.98461205594924
98,66.12221268182557,233.35340346776536
129,66.12221268182557,173.5884582998408
147,66.12221268182557,131.36945704553034
118,66.12221268182557,102.27977974520499
110,66.12221268182557,89.61471127326952
97,66.12221268182557,71.42923684342746
66,66.12221268182557,59.251786938557316
60,66.12221268182557,82.68960712194306
54,66.12221268182557,165.0477230584463
32,66.12221268182557,380.67410704157425
41,66.12221268182557,577.8352161312836
28,66.12221268182557,382.5053494150941
19,66.12221268182557,353.1457592641714
15,66.12221268182557,434.0057799598536
7,66.12221268182557,504.90624745851716
2,66.12221268182557,496.6402248991378
8,66.12221268182557,479.45126561545237
13,66.12221268182557,488.5750487229556
33,66.12221268182557,584.5291937337433
74,66.12221268182557,811.6380935873149
122,66.12221268182557,732.6114551918965
136,66.12221268182557,537.4567162177013
144,66.12221268182557,398.21621505713006
169,66.12221268182557,302.47543361541705
160,66.12221268182557,233.84422502723316
138,66.12221268182557,174.0792798593086
133,66.12221268182557,131.86027860499814
123,66.12221268182557,102.7706013046728
125,66.12221268182557,90.10553283273732
102,66.12221268182557,71.92005840289526
72,66.12221268182557,59.74260849802512
47,66.12221268182557,83.18042868141086
36,66.12221268182557,165.5385446179141
49,66.12221268182557,381.16492860104205
34,66.12221268182557,578.3260376907514
19,66.12221268182557,382.9961709745619
11,66.12221268182557,353.6365808236392
1,66.12221268182557,434.4966015193214
3,66.12221268182557,505.39706901798496
9,66.12221268182557,497.1310464586056
40,66.12221268182557,479.9420871749202
85,66.12221268182557,489.0658702824234
196,66.12221268182557,585.0200152932111
157,66.12221268182557,812.1289151467827
120,66.12221268182557,733.1022767513643
157,66.12221268182557,537.9475377771691
224,66.12221268182557,398.70703661659786
203,66.12221268182557,302.96625517488485
247,66.12221268182557,234.33504658670097
315,66.12221268182557,174.5701014187764
214,66.12221268182557,132.35110016446595
164,66.12221268182557,103.2614228641406
122,66.12221268182557,90.59635439220513
119,66.12221268182557,72.41087996236307
89,66.12221268182557,60.233430057492924
90,66.12221268182557,83.67125024087866
61,66.12221268182557,166.02936617738192
49,66.12221268182557,381.65575016050985
