Age,Gender,Marital Status,Department,Job Role,Job Level,Monthly Income,Hourly Rate,Years At Company,Years In Current Role,Years Since Last Promotion,Work Life Balance,Job Satisfaction,Performance Rating,Training Hours Last Year,Overtime,Project Count,Average Hours Worked Per Week,Absenteeism,Work Environment Satisfaction,Relationship With Manager,Job Involvement,Distance From Home,Number Of Companies Worked,Attrition
58,Female,Married,IT,Manager,1,15488,28,15,4,2,1,3,4,14,No,6,54,17,4,4,4,20,3,No
48,Female,Married,Sales,Assistant,5,13079,28,6,9,1,2,1,1,6,Yes,2,45,1,4,1,2,25,2,No
34,Male,Married,Marketing,Assistant,1,13744,24,24,14,8,3,2,1,77,Yes,6,34,2,3,4,4,45,3,No
27,Female,Divorced,Marketing,Manager,1,6809,26,10,8,2,3,5,4,49,No,9,48,18,2,3,1,35,3,No
40,Male,Divorced,Marketing,Executive,1,10206,52,29,10,1,2,5,1,64,No,3,33,0,4,1,3,44,3,No
58,Male,Divorced,Finance,Assistant,3,16746,48,15,9,3,4,2,3,66,No,9,35,9,2,2,3,24,1,No
38,Male,Divorced,HR,Analyst,1,18995,55,29,1,1,4,5,1,43,No,2,55,13,1,1,3,40,2,No
42,Female,Divorced,Marketing,Manager,3,19035,24,4,9,0,3,2,3,30,No,5,46,12,4,2,4,13,1,No
30,Male,Married,IT,Analyst,5,14671,31,18,3,5,4,1,1,42,Yes,2,36,8,3,4,2,48,3,No
30,Male,Married,Marketing,Analyst,3,16210,31,18,11,9,3,1,2,76,No,7,53,5,3,3,4,39,2,No
43,Female,Married,Finance,Executive,5,8197,81,25,12,7,3,1,4,47,Yes,9,52,5,4,1,2,4,3,Yes
55,Female,Married,IT,Analyst,5,18553,76,17,10,9,2,2,2,81,No,7,36,18,2,2,3,12,1,No
59,Female,Divorced,Finance,Executive,3,10452,15,12,9,9,4,2,1,80,No,5,38,9,1,4,1,17,1,No
43,Female,Divorced,IT,Assistant,2,11718,26,7,1,1,2,4,1,80,Yes,4,42,2,1,3,4,1,3,No
22,Male,Divorced,Sales,Manager,4,17859,18,16,1,8,3,5,3,60,No,4,49,17,3,3,1,17,2,No
41,Male,Single,HR,Analyst,1,5172,56,11,9,2,3,5,1,74,Yes,8,43,18,3,3,3,2,1,No
21,Male,Married,HR,Manager,4,16158,27,14,11,7,3,4,1,83,Yes,1,45,4,2,4,2,6,3,No
43,Male,Married,Finance,Analyst,1,19663,99,3,14,7,1,4,1,9,Yes,5,52,10,3,4,1,44,4,No
49,Female,Divorced,HR,Manager,1,14085,18,19,6,2,1,1,2,28,No,2,38,9,2,4,4,11,3,No
57,Male,Married,Finance,Analyst,5,6981,96,18,4,2,1,4,3,47,No,9,44,16,4,3,1,43,3,No
21,Male,Married,Finance,Analyst,1,8247,83,10,7,5,2,2,2,97,No,7,34,3,1,1,1,18,2,No
40,Female,Divorced,Finance,Analyst,1,13553,33,6,5,0,3,3,3,80,No,8,47,17,4,2,4,40,3,No
52,Male,Single,HR,Analyst,3,9135,16,13,10,3,4,2,2,61,No,6,50,17,3,4,2,25,4,No
31,Male,Single,Finance,Analyst,4,8573,26,10,14,0,2,4,1,12,No,9,49,0,1,1,4,39,3,Yes
41,Male,Single,HR,Analyst,3,16731,95,18,7,2,2,5,2,43,Yes,6,37,13,1,2,3,28,4,No
44,Male,Divorced,Finance,Analyst,1,10189,88,26,8,8,2,2,2,46,No,7,44,7,4,3,2,46,1,No
46,Male,Married,Marketing,Analyst,5,17541,20,20,8,4,4,5,3,63,No,7,50,1,2,1,1,16,3,Yes
47,Male,Divorced,Finance,Analyst,3,13878,22,26,1,4,3,2,3,90,No,9,54,18,1,3,4,12,2,Yes
35,Female,Divorced,IT,Manager,3,14087,65,16,8,3,1,5,2,52,No,8,38,14,2,2,3,41,3,No
34,Female,Married,Finance,Executive,2,16667,25,25,6,2,3,2,3,89,Yes,1,48,1,4,4,4,29,4,No
22,Male,Single,Sales,Analyst,1,5776,77,25,4,4,3,5,3,91,Yes,4,58,3,4,3,2,23,4,No
56,Male,Single,Finance,Executive,5,12311,71,6,13,3,2,3,3,76,Yes,7,55,0,2,1,3,21,2,Yes
26,Female,Divorced,IT,Analyst,3,10697,26,13,14,7,2,1,4,75,Yes,8,51,18,4,4,1,16,4,No
40,Male,Single,IT,Analyst,3,17629,87,4,12,3,2,2,3,43,Yes,7,35,9,1,1,2,48,3,No
28,Male,Divorced,HR,Manager,5,11386,16,23,8,7,1,3,4,27,No,3,33,0,4,2,3,41,4,No
58,Male,Divorced,Marketing,Assistant,1,11044,22,14,3,5,1,1,4,1,Yes,4,40,19,4,2,2,45,3,No
37,Female,Married,Finance,Assistant,2,12615,25,1,13,4,1,2,3,56,Yes,7,58,14,1,4,1,26,3,Yes
23,Male,Married,HR,Manager,3,18034,67,28,4,3,3,3,2,56,No,8,39,3,2,1,3,37,4,No
44,Female,Married,Marketing,Executive,2,8060,24,20,6,3,2,3,3,33,No,7,32,6,4,1,4,22,2,Yes
33,Male,Divorced,Finance,Assistant,4,13900,99,5,11,3,4,3,1,86,Yes,6,30,6,2,1,4,10,1,No
28,Female,Married,Sales,Manager,1,8581,98,8,7,8,3,4,2,57,No,9,41,17,1,1,1,7,2,No
45,Female,Single,Finance,Manager,4,5014,22,12,4,3,1,5,4,51,No,9,52,12,2,2,3,9,1,No
21,Male,Single,IT,Assistant,4,15997,50,2,4,8,4,1,4,28,Yes,7,44,9,2,1,1,25,2,No
39,Female,Divorced,IT,Executive,4,13635,90,12,7,9,4,5,2,34,No,8,44,7,3,2,1,46,3,No
47,Male,Divorced,Sales,Manager,1,16648,28,5,6,5,2,5,2,74,Yes,6,50,9,3,1,2,15,3,No
26,Female,Married,HR,Analyst,1,10148,68,22,13,9,4,5,3,47,Yes,1,43,13,4,1,4,13,4,No
27,Male,Divorced,Marketing,Executive,5,17022,99,5,11,6,1,3,4,32,No,1,55,13,3,3,1,42,1,No
54,Male,Divorced,Finance,Executive,2,8919,35,13,8,9,2,5,1,74,Yes,6,36,19,3,3,2,46,1,No
33,Female,Single,IT,Assistant,2,18886,64,9,1,2,4,4,3,72,Yes,2,46,10,3,1,1,26,4,Yes
36,Male,Single,HR,Assistant,5,9638,53,10,10,7,2,2,2,77,No,8,53,5,2,2,1,21,2,Yes
55,Male,Married,Sales,Analyst,5,7651,34,1,13,2,4,3,4,8,No,1,48,0,2,1,1,23,4,No
59,Female,Divorced,IT,Manager,4,3609,21,3,11,0,3,1,2,47,No,2,36,18,3,3,4,44,2,Yes
23,Male,Divorced,Sales,Assistant,5,10940,23,18,7,9,3,2,2,66,No,8,57,6,1,1,3,28,4,No
21,Male,Single,Finance,Assistant,3,13348,15,12,12,4,1,2,2,92,Yes,6,32,17,3,3,4,38,1,Yes
25,Female,Divorced,Marketing,Executive,2,6866,40,29,7,1,3,2,3,82,No,2,59,2,1,1,2,12,1,No
23,Female,Single,IT,Assistant,5,19755,52,3,11,9,3,5,1,35,No,2,32,19,2,4,3,24,2,No
48,Male,Married,IT,Assistant,3,19999,52,26,7,5,3,5,1,95,Yes,7,55,10,1,1,2,13,1,Yes
37,Male,Single,Finance,Assistant,3,5253,75,25,7,9,4,3,4,70,Yes,5,54,4,2,2,1,40,1,No
45,Female,Divorced,HR,Assistant,3,7942,58,29,10,8,4,5,2,91,Yes,5,58,18,1,3,3,48,1,No
53,Female,Married,Marketing,Executive,3,15330,58,9,14,0,2,5,1,43,Yes,8,47,1,2,4,2,2,1,No
29,Male,Single,IT,Analyst,4,3864,88,26,10,3,4,5,2,81,No,7,59,3,2,3,1,39,3,No
55,Female,Single,Marketing,Analyst,3,4268,76,2,8,0,3,3,4,59,No,9,49,9,3,3,2,12,4,No
33,Male,Married,IT,Manager,4,10454,20,3,9,0,4,3,2,62,Yes,4,51,1,4,2,2,39,4,Yes
50,Male,Married,Marketing,Assistant,4,16666,31,14,9,7,1,4,1,4,Yes,4,43,7,4,1,4,14,3,Yes
34,Male,Single,Sales,Executive,3,15370,65,4,2,1,2,4,2,86,Yes,2,32,0,2,2,1,30,1,Yes
27,Male,Divorced,IT,Manager,2,8229,52,25,13,0,2,4,1,85,Yes,3,57,5,3,1,4,41,4,No
33,Male,Single,Marketing,Manager,3,19309,38,19,13,7,4,4,4,89,No,1,55,10,4,4,3,43,4,No
42,Female,Married,HR,Analyst,3,7054,65,13,7,3,3,2,2,75,Yes,1,59,9,4,2,1,48,4,Yes
59,Female,Single,Sales,Executive,3,3935,24,7,7,2,2,2,1,39,No,7,55,12,3,2,4,19,2,No
40,Female,Married,Sales,Executive,2,15172,86,12,4,3,1,4,4,18,Yes,5,36,0,3,3,4,31,3,No
35,Female,Married,HR,Executive,1,13530,35,3,9,4,1,4,2,46,No,3,36,1,4,2,3,43,2,No
37,Male,Divorced,Marketing,Analyst,1,18560,84,23,8,0,2,1,4,64,No,7,34,2,4,1,2,43,2,No
43,Male,Married,Finance,Analyst,4,19156,99,23,12,0,3,2,1,66,No,2,32,8,1,2,2,25,3,No
45,Male,Married,HR,Analyst,4,19709,71,9,1,2,3,1,2,90,No,3,47,4,1,2,2,4,4,No
44,Male,Divorced,Marketing,Analyst,2,12726,53,2,2,5,4,1,2,17,Yes,1,44,9,2,4,3,13,2,No
48,Female,Married,HR,Analyst,5,10774,47,29,13,0,4,5,2,49,No,8,49,9,4,1,4,36,4,No
34,Male,Divorced,HR,Assistant,1,4985,73,22,13,1,2,3,4,29,Yes,2,43,11,3,3,1,42,2,No
20,Male,Divorced,IT,Assistant,4,17252,32,9,2,6,4,2,4,65,No,7,58,17,3,1,3,37,4,No
44,Female,Married,Marketing,Executive,1,7603,70,12,12,0,4,4,1,4,No,9,33,0,4,4,2,3,1,No
26,Female,Married,Finance,Manager,2,18960,71,12,12,6,4,4,3,92,Yes,6,56,2,2,1,2,16,1,No
28,Female,Single,IT,Executive,2,12462,90,15,11,3,1,3,2,96,Yes,2,53,4,3,1,1,26,1,No
43,Female,Divorced,HR,Manager,5,17166,62,2,8,9,4,2,2,41,No,2,37,16,4,2,3,40,3,No
20,Male,Single,HR,Analyst,5,10754,56,18,1,5,2,4,1,83,No,9,58,7,4,2,2,39,1,No
27,Male,Married,HR,Manager,2,17246,41,13,4,7,3,4,2,93,Yes,8,50,16,2,1,3,19,2,No
43,Female,Single,Marketing,Executive,4,7078,88,14,10,8,4,5,4,4,No,9,42,8,4,1,4,46,4,No
30,Male,Divorced,Marketing,Executive,1,15853,66,5,12,5,3,1,4,49,Yes,4,51,5,3,3,3,15,4,No
36,Male,Single,IT,Manager,3,7042,56,26,5,8,4,4,2,84,Yes,4,37,16,1,4,4,32,4,No
27,Male,Divorced,Finance,Assistant,5,19284,46,10,9,3,2,2,2,57,Yes,2,44,7,2,2,1,49,4,No
54,Female,Married,IT,Analyst,3,17389,40,12,7,5,1,3,4,78,No,1,46,6,4,2,4,21,2,No
54,Male,Married,Sales,Analyst,4,5575,39,10,8,7,2,5,2,83,No,4,34,6,2,2,4,1,4,No
52,Female,Divorced,HR,Executive,5,9754,89,24,14,8,1,2,4,7,Yes,8,49,14,4,2,1,6,2,No
24,Male,Married,HR,Assistant,3,4986,37,11,11,2,4,5,3,30,Yes,2,33,6,1,1,2,27,2,No
58,Male,Married,HR,Manager,4,18470,71,25,9,1,4,1,3,11,Yes,8,40,7,2,1,1,23,4,Yes
47,Male,Married,IT,Analyst,1,8968,66,2,13,5,1,4,2,20,Yes,1,47,8,4,3,3,47,4,No
26,Female,Married,IT,Assistant,4,10493,45,5,7,3,2,2,2,93,No,1,39,14,1,2,1,31,4,Yes
28,Male,Divorced,HR,Analyst,5,7103,78,7,5,0,2,3,2,61,Yes,4,46,1,3,2,3,12,2,No
27,Female,Single,IT,Assistant,2,5076,85,6,13,7,1,1,4,90,No,7,59,6,4,1,2,21,3,No
31,Female,Single,Marketing,Assistant,1,5994,47,22,5,8,4,1,3,89,Yes,9,44,14,1,3,3,2,2,No
53,Female,Married,Marketing,Executive,3,6744,99,23,10,8,1,5,3,32,No,5,35,17,1,1,1,5,3,Yes
52,Male,Single,IT,Analyst,5,17466,16,3,11,1,4,1,1,25,No,2,52,17,2,2,1,9,4,No
42,Male,Single,HR,Manager,2,17523,32,13,6,8,1,2,1,89,No,7,50,9,4,2,2,20,2,No
43,Male,Married,IT,Executive,4,8594,61,3,5,6,4,5,2,99,No,2,45,17,3,4,1,46,4,Yes
56,Male,Married,IT,Executive,2,10531,47,26,13,4,1,1,4,39,No,9,44,0,4,4,2,18,3,No
54,Female,Single,IT,Manager,5,10371,98,25,12,6,3,3,2,64,Yes,9,37,6,1,4,2,22,3,No
59,Female,Divorced,Sales,Executive,5,17547,49,24,11,8,4,2,3,58,Yes,3,38,2,3,3,1,8,2,No
41,Female,Married,Marketing,Assistant,2,6144,65,21,9,7,2,3,2,14,No,8,40,13,1,1,4,34,2,No
46,Male,Divorced,Finance,Assistant,4,16990,32,6,3,5,1,3,2,0,Yes,4,56,11,2,2,3,9,2,No
54,Female,Single,Finance,Analyst,2,17083,86,11,3,3,2,5,3,10,Yes,3,31,13,4,2,4,7,2,No
20,Male,Married,Sales,Analyst,5,19626,44,28,7,0,1,4,3,54,Yes,1,56,3,1,3,2,30,1,No
54,Female,Divorced,IT,Manager,5,10954,58,26,7,5,2,5,3,1,Yes,5,42,12,1,2,3,18,1,No
56,Male,Married,Sales,Analyst,3,10269,67,17,6,2,2,2,3,64,Yes,4,33,15,4,2,4,27,4,No
33,Male,Single,Sales,Assistant,3,10130,24,10,3,5,1,2,1,94,Yes,1,56,15,3,1,1,16,3,Yes
22,Female,Divorced,HR,Manager,1,9828,66,12,14,5,1,5,4,43,Yes,8,38,4,1,4,4,21,3,No
20,Female,Single,Marketing,Manager,5,11844,63,17,13,3,2,4,4,15,No,8,34,19,4,4,3,5,4,No
24,Female,Single,Finance,Analyst,3,17220,25,4,7,1,2,5,3,21,Yes,8,48,5,2,3,3,29,4,Yes
45,Female,Married,IT,Assistant,2,9331,80,2,5,8,2,2,4,17,Yes,3,51,5,2,4,3,47,4,No
33,Male,Divorced,Finance,Manager,4,16397,72,11,7,1,4,4,4,46,Yes,6,32,17,4,4,3,37,1,Yes
58,Female,Single,Finance,Assistant,2,13291,50,7,2,2,4,2,4,80,No,7,59,5,1,3,4,43,4,No
46,Female,Single,Marketing,Assistant,4,13164,47,2,6,9,3,4,4,29,No,9,50,6,4,3,1,22,3,No
28,Female,Divorced,Finance,Assistant,3,13450,61,26,14,0,4,4,3,9,Yes,5,32,15,4,4,1,14,4,No
34,Male,Single,Finance,Analyst,1,5035,27,18,8,6,4,5,2,98,No,9,35,8,1,1,3,19,2,No
34,Male,Single,Sales,Executive,2,14463,54,21,1,0,1,5,2,57,No,6,57,12,3,3,1,35,3,No
45,Female,Divorced,Marketing,Executive,2,10977,82,4,4,8,3,5,2,61,Yes,4,39,11,3,2,4,24,3,No
32,Male,Divorced,HR,Manager,2,15182,56,8,11,0,3,4,1,84,No,1,34,18,2,3,1,42,3,No
51,Female,Divorced,IT,Assistant,4,3298,33,20,1,4,4,4,4,79,Yes,1,59,0,3,2,2,6,1,No
58,Male,Divorced,Finance,Analyst,3,3923,96,14,14,6,1,2,3,5,No,5,54,7,4,3,1,3,1,No
51,Male,Married,IT,Assistant,2,16331,33,12,1,2,1,3,3,66,Yes,3,32,3,1,3,3,34,3,No
23,Male,Divorced,HR,Assistant,2,9578,72,22,10,8,3,5,1,40,No,5,51,18,2,4,1,45,2,Yes
49,Male,Married,IT,Analyst,1,7875,37,21,12,7,1,2,3,42,Yes,5,53,4,3,4,1,2,3,No
56,Female,Married,HR,Executive,1,15254,68,27,14,2,2,2,2,84,Yes,1,36,16,4,4,1,15,1,No
42,Female,Married,Sales,Assistant,3,13905,94,18,14,4,4,1,1,76,No,8,51,2,2,1,1,37,2,No
58,Female,Single,Finance,Assistant,3,16353,79,11,11,6,2,5,3,17,Yes,5,59,18,1,4,2,15,3,No
34,Male,Married,HR,Executive,5,18882,26,29,8,3,3,2,1,57,Yes,5,47,0,3,4,4,32,1,No
48,Female,Married,IT,Analyst,1,12663,38,28,7,4,3,1,1,59,No,9,52,0,4,3,3,21,2,No
55,Female,Single,Finance,Manager,5,3941,48,8,12,2,1,5,3,87,Yes,8,37,19,1,3,3,17,4,No
32,Female,Single,Sales,Executive,4,4907,67,2,10,8,1,4,2,26,Yes,1,30,8,4,1,1,34,4,No
51,Male,Single,Finance,Manager,5,7837,22,25,13,9,3,1,3,67,No,3,54,4,4,2,4,32,3,No
26,Male,Divorced,HR,Manager,2,16680,32,15,1,8,3,4,4,21,Yes,7,33,6,4,3,1,47,4,No
41,Male,Single,Sales,Executive,5,8696,71,9,11,6,2,3,4,23,No,1,53,5,1,3,2,23,1,No
47,Female,Single,IT,Assistant,3,19226,19,19,14,9,2,3,3,39,Yes,1,55,16,2,2,4,35,2,No
21,Female,Married,Sales,Manager,4,16543,40,20,13,1,1,3,2,73,No,5,36,16,4,1,4,37,3,Yes
25,Female,Single,Sales,Manager,2,15615,44,8,2,6,2,3,4,65,No,9,43,12,2,3,4,43,2,No
47,Male,Divorced,Marketing,Analyst,5,4466,68,25,4,6,1,2,4,39,Yes,6,42,11,2,4,4,41,2,No
47,Male,Single,Sales,Assistant,4,3375,27,19,1,4,1,3,3,5,No,2,39,3,3,1,1,37,2,Yes
39,Female,Divorced,Sales,Manager,4,3262,97,5,3,8,4,2,3,17,Yes,9,52,7,3,2,2,33,1,No
49,Male,Single,Finance,Analyst,2,14580,43,11,8,2,1,2,3,80,Yes,6,47,4,2,2,4,25,3,No
30,Male,Single,IT,Assistant,5,13136,17,15,8,3,2,5,1,86,No,5,30,4,3,4,3,46,4,No
47,Male,Single,Finance,Executive,4,10833,72,8,8,0,3,2,1,29,Yes,5,33,12,3,4,3,37,2,Yes
44,Male,Single,Finance,Executive,4,4893,90,19,6,5,3,2,1,20,Yes,3,57,10,2,4,2,40,2,No
58,Female,Divorced,HR,Analyst,1,11106,16,23,6,3,2,3,3,61,No,6,45,7,1,1,3,21,2,No
52,Male,Divorced,Finance,Executive,4,14826,89,27,5,0,3,2,2,9,Yes,4,45,7,3,2,1,46,1,No
20,Male,Married,Marketing,Manager,1,4652,42,8,13,1,1,4,4,12,Yes,2,47,0,3,4,1,48,4,No
46,Male,Divorced,Marketing,Assistant,5,3599,96,26,9,2,3,3,1,75,No,3,37,12,1,4,2,38,2,No
32,Male,Single,HR,Manager,5,11792,91,27,4,8,2,1,2,8,Yes,9,39,4,1,2,4,40,1,No
22,Female,Married,IT,Manager,5,6637,90,19,10,7,3,3,3,67,Yes,9,45,7,1,3,3,34,1,No
58,Female,Married,IT,Executive,3,13355,16,18,12,6,1,2,1,38,No,6,52,16,2,1,3,19,2,No
25,Male,Married,Finance,Manager,5,18989,21,10,12,3,1,4,3,23,Yes,9,53,12,1,3,2,27,2,No
27,Male,Single,Finance,Executive,4,12290,40,29,12,0,2,3,2,33,Yes,4,40,8,2,4,2,9,1,Yes
46,Male,Divorced,Finance,Assistant,2,8599,90,7,7,7,2,4,1,60,No,5,35,1,4,1,3,5,1,No
28,Male,Single,IT,Assistant,1,17342,30,28,1,3,2,1,1,40,Yes,6,30,18,4,3,4,5,2,Yes
56,Male,Married,Sales,Manager,3,16945,37,9,9,2,4,1,1,4,Yes,9,59,19,1,2,2,25,1,No
52,Male,Single,Marketing,Analyst,5,13762,54,1,7,8,4,5,1,78,No,5,58,16,1,4,1,26,1,No
43,Female,Single,Sales,Executive,5,17312,74,19,10,9,1,5,2,49,No,8,58,6,4,1,3,19,2,Yes
34,Male,Divorced,Sales,Executive,2,10382,87,5,12,3,4,3,1,3,Yes,1,41,2,2,1,2,30,2,No
51,Female,Divorced,IT,Manager,2,11982,46,19,9,3,4,5,4,50,Yes,5,54,18,2,1,2,36,3,No
51,Female,Married,Sales,Executive,3,10707,29,1,7,8,3,4,4,51,No,1,35,18,1,1,2,48,4,No
43,Male,Single,HR,Executive,1,7633,27,15,2,1,4,5,3,38,Yes,6,57,8,1,4,3,48,2,Yes
31,Female,Single,Finance,Analyst,5,12269,19,16,6,4,3,4,1,7,Yes,7,42,9,1,4,1,16,2,No
58,Female,Divorced,HR,Analyst,3,16778,89,23,10,3,2,5,4,44,Yes,5,55,13,4,2,1,7,2,Yes
21,Female,Single,Marketing,Manager,4,10008,88,7,12,8,3,5,4,87,No,1,46,17,3,2,3,18,4,No
22,Female,Single,Finance,Analyst,4,18523,66,26,11,4,3,5,4,27,Yes,6,30,14,1,2,2,21,3,No
56,Female,Single,Sales,Manager,3,6618,91,12,4,8,2,2,2,26,Yes,5,37,0,2,3,3,31,1,No
36,Female,Divorced,Marketing,Assistant,5,3272,55,8,3,8,2,2,1,64,No,6,51,5,3,2,3,1,4,Yes
21,Male,Married,Finance,Manager,3,16007,67,5,2,1,1,5,2,33,No,7,37,14,2,4,2,3,2,No
21,Female,Married,Sales,Assistant,5,5547,64,10,6,8,1,4,2,80,No,7,53,5,3,3,3,31,2,No
47,Female,Single,HR,Manager,2,6164,29,28,8,2,1,3,4,61,Yes,2,40,17,4,4,4,25,3,No
42,Female,Married,Finance,Executive,3,17414,21,21,6,3,1,1,4,61,Yes,3,43,0,3,3,1,8,3,Yes
56,Male,Divorced,Sales,Analyst,5,17327,54,5,9,0,3,2,3,37,No,6,53,2,2,2,4,1,3,No
51,Female,Divorced,HR,Assistant,3,18576,42,17,14,0,3,5,1,25,Yes,3,39,16,3,2,4,7,1,Yes
52,Male,Married,Marketing,Manager,3,3946,46,26,5,0,1,1,1,23,Yes,2,44,15,4,2,4,7,4,No
20,Female,Married,Marketing,Analyst,5,17693,29,5,2,8,4,2,4,38,Yes,4,36,7,2,3,3,8,4,No
38,Male,Single,Marketing,Manager,5,19890,99,22,8,7,1,3,4,20,Yes,5,36,16,1,4,2,19,3,No
21,Male,Married,Marketing,Analyst,1,18540,84,15,9,4,4,4,1,93,No,9,39,7,3,1,3,17,1,No
45,Female,Single,IT,Analyst,3,9719,79,13,14,4,2,5,3,46,No,3,33,16,2,4,1,11,4,No
51,Female,Single,Finance,Manager,4,11435,18,28,10,8,3,3,4,47,Yes,3,54,8,3,2,3,47,2,No
25,Male,Divorced,Finance,Assistant,3,14350,25,1,4,2,3,2,3,12,No,6,57,11,4,3,3,41,2,No
51,Female,Divorced,IT,Assistant,3,6590,40,11,6,2,4,5,2,2,Yes,5,47,18,2,3,3,49,2,No
23,Male,Divorced,Sales,Executive,5,13064,75,23,11,6,1,1,4,31,Yes,6,56,3,1,2,3,11,4,No
30,Male,Divorced,Sales,Analyst,3,3390,51,1,10,8,3,4,2,34,No,7,54,10,1,3,4,38,3,No
36,Male,Married,Marketing,Executive,3,15668,37,11,8,5,4,2,4,18,No,3,39,3,3,2,2,41,2,Yes
57,Male,Divorced,HR,Executive,4,14569,99,18,9,1,2,4,2,13,Yes,5,48,13,4,4,1,2,3,No
43,Male,Married,Sales,Manager,5,16029,54,18,12,0,2,5,4,47,Yes,8,43,13,4,3,1,4,1,Yes
24,Female,Divorced,HR,Manager,3,16107,91,21,5,1,3,3,3,85,Yes,4,42,5,3,1,1,28,2,No
53,Male,Married,Finance,Manager,2,5560,37,26,12,0,1,4,3,80,Yes,2,44,16,2,3,3,33,1,No
25,Male,Single,HR,Analyst,1,8867,30,16,6,9,4,1,3,67,No,4,45,1,2,2,1,11,3,No
41,Female,Married,Finance,Manager,4,18284,75,13,11,9,3,2,2,44,No,2,31,7,3,1,4,3,4,No
30,Male,Married,IT,Manager,3,4211,82,7,4,8,2,1,3,18,Yes,3,58,3,2,2,2,40,3,No
35,Female,Divorced,IT,Analyst,2,12121,94,1,5,9,1,4,2,63,Yes,4,33,9,2,3,3,5,2,Yes
52,Female,Married,Marketing,Analyst,3,4539,45,26,7,7,4,3,4,65,No,4,50,6,2,1,3,21,2,No
28,Female,Single,Sales,Assistant,3,11693,67,16,9,6,3,3,2,78,Yes,9,47,3,3,1,4,22,3,No
25,Male,Single,Marketing,Manager,5,11921,39,1,10,2,4,1,4,65,No,6,58,15,1,3,1,37,2,No
35,Male,Divorced,Finance,Manager,5,13310,58,17,11,7,1,5,1,74,Yes,9,46,13,4,1,3,11,2,Yes
48,Male,Single,Marketing,Manager,5,15744,26,6,13,1,1,5,1,44,No,4,39,15,1,4,3,44,1,No
22,Female,Married,HR,Assistant,2,7386,23,2,6,1,2,3,1,86,Yes,9,56,8,2,1,4,22,4,No
39,Male,Single,Finance,Manager,3,15242,26,17,14,9,1,1,2,73,Yes,9,50,3,3,1,4,41,3,No
55,Female,Divorced,IT,Assistant,1,17257,83,6,6,2,3,1,1,66,Yes,6,38,5,4,4,1,13,1,No
38,Male,Married,Sales,Executive,4,11947,68,14,8,6,4,1,1,68,No,5,44,0,2,2,2,3,2,Yes
45,Female,Divorced,Finance,Assistant,5,16946,68,18,11,0,1,4,1,2,No,3,57,6,4,2,2,13,1,No
22,Male,Married,Finance,Executive,5,8930,42,6,4,7,1,5,4,37,Yes,5,41,0,4,4,1,28,4,No
38,Male,Single,HR,Manager,3,8402,70,10,3,6,3,5,3,76,Yes,3,50,18,1,1,2,11,3,No
39,Male,Divorced,Sales,Executive,3,19017,83,24,14,3,4,4,2,41,Yes,5,57,7,2,3,4,11,4,Yes
51,Female,Divorced,IT,Assistant,2,3507,91,18,7,4,4,2,1,82,Yes,5,56,2,4,4,4,21,4,No
26,Female,Married,Finance,Analyst,2,4436,72,27,5,9,2,4,4,39,No,2,55,0,1,3,4,21,1,No
52,Male,Divorced,Finance,Executive,5,14618,92,9,2,0,2,1,3,49,No,9,38,0,3,2,2,7,1,No
59,Male,Married,HR,Executive,3,11750,89,8,2,3,4,4,3,34,No,7,43,6,4,4,2,17,4,No
58,Female,Married,Marketing,Manager,1,19122,56,28,11,0,3,1,3,23,Yes,6,42,12,2,3,3,48,2,Yes
37,Female,Married,IT,Assistant,4,10354,52,10,6,0,3,3,4,87,Yes,5,57,0,3,1,3,14,3,No
59,Female,Married,Sales,Executive,3,14294,82,17,8,9,2,1,1,16,No,4,55,15,4,4,3,33,2,No
20,Male,Single,Finance,Executive,3,16840,67,23,1,0,1,5,3,39,Yes,8,35,13,4,3,2,11,2,No
30,Female,Married,Finance,Executive,2,7399,47,29,11,6,3,4,4,73,No,2,48,3,2,4,3,13,3,No
47,Male,Divorced,IT,Executive,4,8037,85,26,6,6,1,1,4,65,No,8,33,11,4,4,4,1,1,No
44,Female,Single,Marketing,Analyst,5,18848,70,6,12,3,3,2,2,43,No,1,49,11,2,2,2,34,2,No
42,Male,Divorced,Finance,Assistant,3,6715,86,14,2,1,4,3,4,22,No,1,46,16,2,2,1,9,1,No
50,Female,Single,IT,Manager,5,17877,65,22,2,2,2,2,3,5,Yes,3,48,14,2,1,2,13,3,No
49,Female,Married,HR,Manager,3,10837,88,22,7,7,1,2,3,65,No,5,32,9,2,2,3,37,2,No
54,Female,Single,Marketing,Analyst,5,4301,57,6,10,7,1,2,4,20,Yes,6,58,2,4,2,2,30,1,No
26,Female,Single,Sales,Assistant,4,10370,29,26,1,5,4,3,3,34,No,4,43,19,3,2,3,41,1,No
35,Female,Divorced,Finance,Executive,2,9411,52,7,6,9,3,3,4,28,No,7,46,19,3,3,3,45,2,No
45,Male,Divorced,IT,Analyst,4,9365,29,12,14,8,1,3,3,6,No,7,42,11,1,4,1,37,3,No
21,Female,Married,HR,Assistant,1,18449,19,3,7,8,3,3,2,92,No,2,38,0,2,2,1,47,4,No
20,Female,Single,Sales,Executive,2,3692,97,14,14,3,4,2,1,52,Yes,2,56,0,4,3,4,7,1,Yes
31,Female,Single,IT,Analyst,4,4478,68,22,8,0,2,5,2,36,Yes,2,30,9,4,4,3,14,3,No
24,Male,Single,IT,Assistant,1,9396,65,19,7,0,1,5,2,22,Yes,2,54,17,1,2,2,48,2,Yes
56,Female,Married,Sales,Manager,3,11448,24,23,6,9,3,3,1,96,Yes,9,46,14,3,2,1,6,1,No
51,Male,Married,HR,Manager,3,13622,26,16,9,4,1,4,3,7,No,5,45,1,4,4,1,34,1,No
28,Female,Married,HR,Assistant,5,19825,18,7,13,1,3,1,1,75,Yes,8,47,16,1,3,3,16,1,No
54,Female,Married,Marketing,Manager,2,13073,32,8,3,5,3,4,4,47,Yes,5,31,7,3,3,2,37,3,Yes
38,Male,Married,Finance,Assistant,3,5646,94,18,11,6,3,4,1,9,No,5,43,8,4,1,1,36,1,No
35,Female,Divorced,Sales,Executive,2,8209,50,25,6,0,4,4,2,78,Yes,1,51,19,2,4,1,46,1,No
22,Male,Single,Sales,Assistant,3,9533,39,13,4,5,2,5,1,23,Yes,6,52,10,1,1,2,6,2,No
39,Male,Single,Sales,Executive,5,10211,90,21,2,7,1,1,3,89,Yes,4,56,5,4,3,1,8,1,No
43,Female,Single,HR,Analyst,4,12927,50,9,1,4,2,4,2,46,Yes,3,46,13,1,2,2,24,3,Yes
52,Male,Single,Finance,Assistant,5,14927,81,10,12,6,3,3,4,52,No,6,32,0,1,1,3,3,2,No
43,Female,Single,Marketing,Analyst,1,12316,23,21,12,9,3,5,3,38,No,2,31,6,1,3,1,4,4,No
30,Female,Single,IT,Manager,3,15177,75,23,14,5,2,3,2,66,Yes,8,37,8,2,3,3,32,2,No
27,Male,Single,IT,Executive,1,13846,67,27,1,3,2,3,4,65,No,1,54,10,3,2,2,1,1,No
55,Male,Single,Sales,Assistant,1,10933,32,9,11,6,1,4,3,5,Yes,9,58,15,3,4,3,34,4,No
57,Male,Divorced,Finance,Analyst,2,8476,57,15,10,9,3,3,4,20,Yes,8,31,18,4,3,3,45,2,No
59,Male,Single,HR,Executive,3,16853,49,20,3,8,2,1,1,72,Yes,1,31,1,2,1,3,9,1,No
39,Female,Divorced,Finance,Executive,1,10928,77,2,4,9,4,3,1,73,No,9,55,14,3,2,4,12,2,No
54,Female,Married,Finance,Manager,4,5080,92,25,2,9,3,4,4,35,No,2,38,2,4,4,2,10,3,No
44,Male,Single,HR,Manager,1,9089,18,13,13,6,3,3,1,2,No,3,59,3,4,4,2,10,1,No
54,Female,Married,Sales,Executive,4,10797,55,2,12,4,1,5,4,87,No,2,49,19,1,4,2,44,3,No
44,Female,Married,Finance,Executive,2,11346,59,19,11,6,4,5,3,85,No,8,50,6,2,3,2,48,1,No
48,Female,Married,IT,Assistant,1,3904,64,26,11,2,1,5,2,77,No,2,58,11,3,4,2,23,3,No
37,Female,Divorced,HR,Executive,5,19788,93,2,14,1,4,2,4,41,Yes,2,56,3,2,3,1,6,4,No
37,Male,Married,Marketing,Assistant,2,12974,42,3,11,4,1,5,2,44,No,1,54,9,2,2,1,24,3,No
21,Male,Married,Sales,Executive,4,4184,56,6,1,3,4,5,2,43,Yes,7,35,5,3,2,1,24,2,No
54,Female,Married,HR,Manager,2,4725,94,3,4,4,4,2,4,90,Yes,2,55,13,3,4,3,21,1,No
35,Male,Single,Marketing,Assistant,1,14380,90,10,7,7,4,5,1,32,No,5,41,2,2,2,3,42,2,No
55,Male,Single,Marketing,Analyst,3,16057,83,24,10,3,2,4,3,59,Yes,5,54,16,4,1,2,31,3,No
52,Male,Divorced,Finance,Manager,3,8606,15,27,11,8,3,5,2,85,Yes,3,38,10,2,1,4,47,1,No
23,Female,Divorced,Finance,Assistant,4,6956,53,6,6,6,4,5,3,92,Yes,3,36,9,3,3,2,41,3,No
52,Female,Single,Finance,Assistant,4,19555,31,23,6,9,2,2,2,82,No,3,59,9,2,4,1,30,4,Yes
33,Female,Divorced,HR,Analyst,3,19081,49,16,11,6,2,4,4,82,No,6,41,9,3,3,2,34,4,No
40,Male,Single,HR,Assistant,4,3421,60,17,9,7,1,3,1,69,Yes,4,55,2,4,2,3,18,4,Yes
39,Female,Married,Sales,Executive,2,8540,56,19,14,5,3,1,3,82,No,3,54,14,2,4,2,12,3,No
27,Female,Married,Finance,Analyst,5,19288,53,3,2,7,3,4,2,76,Yes,2,34,16,4,3,1,35,3,No
26,Male,Divorced,Marketing,Manager,5,18966,63,18,4,2,1,3,4,25,No,3,45,17,2,4,2,7,4,Yes
22,Female,Single,IT,Manager,2,18882,76,7,5,9,3,4,4,85,Yes,4,34,18,2,4,3,41,3,No
36,Female,Single,Sales,Executive,5,7675,52,9,1,9,1,3,2,20,Yes,6,41,18,3,3,4,40,2,No
52,Male,Divorced,HR,Manager,1,12082,37,20,8,0,2,3,2,99,No,4,53,11,1,4,1,25,3,No
31,Male,Single,Sales,Assistant,2,16009,36,12,8,5,2,4,2,1,No,8,55,4,3,2,2,6,2,No
41,Male,Married,Sales,Assistant,4,9748,18,5,6,0,4,2,1,46,No,3,49,15,2,1,3,1,4,No
41,Female,Divorced,Sales,Executive,2,9103,63,3,12,8,1,4,2,29,No,3,38,14,1,1,1,46,3,No
49,Female,Divorced,Sales,Manager,3,14348,73,11,5,1,2,4,2,26,No,3,52,14,1,4,1,16,4,No
57,Female,Single,IT,Manager,4,12782,87,25,8,1,2,3,1,70,Yes,8,36,5,4,1,3,48,1,No
57,Male,Divorced,Finance,Executive,3,8882,82,4,3,6,1,1,4,19,Yes,4,58,11,2,4,2,4,3,No
27,Male,Single,Marketing,Analyst,4,8798,85,5,3,1,2,3,2,49,Yes,1,48,1,3,3,2,29,3,No
46,Female,Single,Sales,Manager,5,12627,16,1,2,9,3,5,3,94,No,2,49,19,1,2,2,38,4,No
46,Female,Single,Sales,Analyst,2,11415,63,27,5,7,2,4,4,22,No,2,52,8,1,1,1,47,4,No
53,Male,Single,Sales,Manager,1,15466,45,28,3,5,1,4,3,12,Yes,3,40,3,3,3,4,28,4,No
40,Male,Single,Finance,Manager,4,12846,54,29,3,6,3,2,2,80,Yes,6,56,4,3,2,1,22,1,No
49,Male,Divorced,HR,Manager,4,15720,62,18,6,6,3,3,1,3,Yes,8,59,7,1,1,2,8,1,No
52,Male,Married,HR,Manager,3,12145,65,12,8,5,2,2,1,13,Yes,1,50,9,3,1,1,32,4,Yes
47,Female,Married,IT,Assistant,5,7524,57,13,2,9,4,4,1,19,No,9,41,6,4,2,4,33,3,No
52,Male,Divorced,HR,Analyst,3,9559,69,9,4,8,3,3,2,12,Yes,1,32,13,1,3,1,13,3,No
24,Female,Divorced,Sales,Analyst,3,10620,63,2,11,8,1,3,2,2,No,2,46,4,4,3,3,27,4,No
38,Female,Married,Sales,Manager,5,6124,94,5,7,6,4,5,3,89,Yes,3,36,15,2,1,2,18,2,No
23,Female,Married,Sales,Manager,1,11671,71,13,1,8,4,5,1,89,No,7,51,14,4,2,2,18,1,Yes
54,Male,Married,IT,Analyst,3,14706,91,16,1,9,3,1,2,81,No,9,39,4,3,3,2,13,1,Yes
36,Male,Married,Sales,Assistant,3,15070,29,16,12,2,2,5,4,95,No,3,52,2,1,2,1,22,2,No
47,Male,Married,HR,Executive,4,11134,41,24,13,2,4,3,2,77,No,8,44,9,4,2,1,14,4,No
49,Male,Single,Finance,Executive,5,3924,82,3,10,0,2,5,2,46,Yes,9,59,4,3,1,1,11,3,No
48,Female,Divorced,Finance,Analyst,2,8506,94,22,7,4,3,1,4,2,Yes,7,31,14,3,2,2,39,3,No
25,Male,Single,Marketing,Manager,1,16650,78,4,14,3,1,4,1,0,Yes,4,42,17,4,2,1,22,1,No
54,Male,Married,HR,Manager,1,5395,44,11,7,1,4,5,4,89,No,4,57,7,1,4,2,36,2,No
56,Female,Married,Sales,Assistant,5,18310,50,23,1,8,1,3,1,23,Yes,4,33,1,4,2,1,17,3,No
43,Male,Married,Finance,Executive,4,11226,81,26,1,2,2,4,4,34,Yes,6,47,7,2,3,2,32,1,No
48,Female,Single,HR,Assistant,4,14781,63,14,4,7,2,3,3,13,Yes,4,53,7,4,1,3,14,3,No
50,Female,Single,Finance,Executive,5,8515,90,29,5,5,1,4,1,66,No,5,52,3,4,1,1,42,3,Yes
54,Female,Married,Sales,Analyst,4,6365,69,3,5,4,3,3,2,12,No,9,30,18,1,2,2,29,3,No
52,Female,Single,Finance,Executive,1,19972,99,16,4,0,3,5,3,46,No,7,31,17,4,2,3,6,1,No
40,Female,Single,Marketing,Assistant,1,14410,70,22,8,3,4,5,1,49,Yes,8,31,0,3,3,3,4,2,No
51,Female,Married,Marketing,Assistant,2,12095,82,15,7,2,4,1,1,77,Yes,5,33,19,1,4,4,11,4,No
42,Female,Single,Finance,Assistant,5,13361,58,28,9,0,3,4,1,84,Yes,5,32,14,3,1,1,45,2,No
52,Female,Divorced,HR,Analyst,3,11531,45,10,7,4,3,1,4,25,No,7,46,17,1,4,2,40,3,Yes
22,Male,Divorced,HR,Executive,3,7270,72,9,10,5,1,2,1,2,Yes,8,57,11,2,3,4,10,2,Yes
37,Male,Divorced,HR,Executive,2,12906,67,11,1,1,2,5,2,50,No,9,43,0,2,1,1,28,3,No
44,Male,Divorced,Finance,Assistant,2,19940,98,16,13,2,2,4,1,39,No,2,31,6,2,3,3,11,1,No
50,Male,Married,HR,Executive,4,14279,93,10,14,5,4,1,2,67,No,3,45,18,4,2,1,35,1,No
22,Female,Married,Sales,Manager,2,8452,37,17,7,3,3,1,2,35,No,2,40,0,2,3,2,15,1,No
59,Male,Married,Marketing,Manager,2,9477,42,19,1,8,1,2,2,50,Yes,7,54,6,1,2,3,8,3,No
43,Female,Divorced,Sales,Manager,3,9470,30,2,7,4,4,1,3,0,Yes,2,42,1,2,4,4,20,2,No
51,Male,Divorced,HR,Executive,4,5062,51,24,10,3,1,3,2,32,No,2,30,6,1,1,1,21,4,No
41,Male,Single,Sales,Analyst,2,12030,35,23,8,1,3,5,4,6,Yes,2,54,18,3,1,1,1,4,Yes
42,Male,Single,HR,Analyst,2,4813,93,2,11,5,3,1,1,51,No,4,52,12,4,4,4,29,1,Yes
21,Female,Divorced,Finance,Analyst,4,14671,31,6,9,9,3,1,4,10,Yes,1,31,4,3,2,1,24,4,No
46,Male,Divorced,Sales,Analyst,5,17308,51,19,12,1,2,2,3,26,Yes,2,31,18,3,1,1,30,3,No
21,Female,Divorced,Finance,Manager,4,5313,91,8,3,6,3,3,1,13,No,3,50,0,2,3,1,40,2,No
45,Female,Divorced,Finance,Manager,3,12706,33,26,4,2,4,1,2,85,No,7,58,0,2,2,3,35,4,No
36,Male,Single,IT,Assistant,5,12837,44,29,4,8,2,5,1,79,No,1,34,17,2,1,3,33,4,No
59,Male,Divorced,HR,Executive,1,8831,59,3,12,4,1,5,3,45,No,6,33,0,3,3,2,20,2,No
52,Male,Single,Marketing,Executive,4,7056,32,26,9,7,4,1,3,75,Yes,3,41,4,4,3,1,16,4,No
28,Female,Divorced,HR,Analyst,3,3305,92,14,13,5,4,3,4,9,No,3,55,8,4,1,2,9,2,Yes
58,Male,Divorced,Marketing,Manager,5,17347,76,25,7,9,1,5,1,23,Yes,4,55,11,3,4,3,31,3,Yes
48,Female,Divorced,HR,Analyst,4,4689,50,16,3,7,2,5,1,60,No,4,58,8,4,4,1,17,3,No
45,Female,Single,Finance,Assistant,2,6917,98,1,10,2,4,3,1,17,Yes,7,57,17,3,1,2,31,3,No
54,Male,Single,Sales,Executive,4,5936,66,21,5,2,4,3,4,85,No,3,32,10,3,3,1,48,1,Yes
44,Male,Married,Sales,Executive,1,6862,33,3,7,4,4,1,3,8,Yes,8,49,0,4,4,1,23,3,Yes
43,Female,Divorced,IT,Analyst,4,17506,58,22,8,9,2,4,2,16,Yes,8,39,18,1,4,4,6,4,No
32,Female,Married,Marketing,Assistant,5,17318,21,26,1,2,2,2,1,57,Yes,7,49,9,1,4,2,30,1,No
26,Female,Married,Marketing,Executive,5,18300,58,18,12,7,2,4,4,12,No,2,47,1,2,2,3,7,1,No
55,Male,Single,Marketing,Assistant,4,8649,82,9,2,9,4,4,4,49,No,5,50,6,4,4,2,48,1,Yes
39,Female,Single,Finance,Assistant,5,18674,48,6,7,7,3,5,2,5,No,6,50,19,2,1,2,40,3,No
20,Male,Married,Marketing,Analyst,2,8560,80,23,11,1,1,3,3,84,No,4,50,1,3,1,2,42,1,No
27,Female,Divorced,Sales,Manager,4,18451,83,21,13,3,3,5,1,50,Yes,5,56,18,1,2,4,46,3,No
35,Female,Single,Finance,Analyst,2,4079,69,25,14,9,2,2,1,35,Yes,9,56,5,4,2,1,11,3,No
33,Male,Divorced,HR,Manager,2,16983,24,1,13,0,4,1,4,70,Yes,7,39,9,4,1,3,34,1,No
31,Female,Divorced,Marketing,Assistant,3,18327,56,21,2,3,4,2,3,99,No,2,30,8,4,2,4,12,1,No
42,Male,Married,Marketing,Manager,4,15755,55,27,7,3,3,5,1,24,Yes,1,35,7,1,4,3,45,4,No
34,Male,Married,HR,Assistant,5,10235,91,10,9,9,3,5,2,10,Yes,2,40,10,2,3,4,47,1,No
47,Female,Married,Marketing,Executive,2,5031,83,27,11,8,1,5,3,43,No,3,31,8,1,3,1,27,3,No
53,Male,Married,HR,Executive,3,11514,24,6,2,2,4,5,3,13,No,2,36,19,2,3,3,12,4,No
21,Male,Single,Finance,Executive,4,12095,24,23,7,1,3,4,4,28,Yes,3,49,19,3,1,2,13,4,No
51,Female,Single,Sales,Analyst,4,17287,74,12,4,8,1,1,4,73,No,9,50,8,3,2,4,8,3,No
42,Male,Married,HR,Analyst,1,8911,65,4,11,8,2,4,1,49,No,4,50,7,2,3,3,16,1,No
41,Male,Single,IT,Assistant,1,14695,35,28,13,0,3,5,4,4,No,9,50,14,3,4,1,29,1,No
44,Male,Married,HR,Executive,2,6340,22,13,2,5,2,3,3,71,No,3,47,1,3,4,3,35,2,Yes
41,Female,Divorced,Marketing,Analyst,1,10876,79,17,13,9,1,4,1,68,Yes,1,50,0,4,4,4,29,1,Yes
41,Male,Divorced,Finance,Executive,2,18896,92,27,7,7,2,5,1,87,Yes,5,48,8,4,2,1,31,2,No
25,Female,Divorced,Finance,Analyst,5,15435,99,8,13,2,4,5,3,56,Yes,2,33,8,1,3,2,13,4,No
34,Female,Married,HR,Manager,2,4141,44,26,5,8,4,1,1,25,Yes,4,42,12,1,4,4,12,4,No
56,Male,Divorced,Sales,Manager,1,12281,99,20,1,1,2,2,2,5,Yes,2,47,7,1,2,4,2,4,No
52,Male,Single,IT,Executive,5,5038,63,3,5,5,4,4,2,15,No,2,49,4,4,4,1,33,2,No
27,Male,Divorced,Finance,Assistant,1,7270,23,12,12,0,1,4,1,59,Yes,3,58,2,1,3,4,8,3,No
24,Female,Divorced,Marketing,Analyst,2,13046,31,7,12,6,4,4,4,99,Yes,5,54,3,1,3,3,41,3,No
58,Male,Divorced,Marketing,Analyst,3,7683,83,12,3,2,2,5,2,11,No,4,53,16,4,3,2,40,4,Yes
23,Male,Single,Sales,Manager,4,19878,72,2,7,6,2,1,1,74,No,2,42,15,2,3,3,49,2,No
25,Male,Married,Finance,Manager,1,10116,71,24,6,3,2,5,2,2,No,2,59,15,4,3,1,41,2,No
51,Male,Single,HR,Assistant,2,4784,76,14,8,8,3,5,4,62,Yes,6,56,19,2,4,4,32,4,Yes
49,Male,Married,Marketing,Assistant,5,6786,66,22,13,4,2,3,3,63,No,7,57,2,4,3,2,38,1,No
54,Female,Married,Sales,Assistant,1,12190,75,23,5,2,1,1,1,61,No,6,48,5,1,4,1,28,4,No
59,Female,Divorced,Finance,Executive,1,8428,54,5,2,7,4,4,1,5,No,7,46,0,3,3,3,15,2,No
35,Male,Married,Finance,Manager,4,9681,52,9,9,5,4,2,1,18,Yes,1,30,15,3,4,4,23,1,No
32,Male,Single,Finance,Executive,2,9893,57,21,14,1,3,4,1,17,No,6,35,14,2,3,4,24,3,Yes
49,Male,Single,Finance,Manager,3,15661,77,11,11,2,3,5,1,79,No,3,48,6,2,4,1,13,1,Yes
38,Male,Married,Finance,Manager,5,17892,33,5,8,7,1,1,1,86,Yes,1,49,1,2,3,3,21,3,No
36,Female,Divorced,Marketing,Analyst,2,12643,64,3,6,9,2,1,4,42,No,8,30,9,3,2,4,12,2,No
38,Male,Divorced,Sales,Manager,5,12943,47,27,13,6,3,1,3,72,Yes,4,37,14,2,4,3,13,4,No
47,Female,Single,Finance,Manager,1,13472,27,17,10,9,4,3,4,2,Yes,8,46,5,4,2,2,39,4,No
45,Female,Divorced,IT,Executive,4,15992,92,2,7,5,3,4,4,71,No,4,50,1,4,4,4,23,4,No
56,Male,Married,IT,Manager,4,14126,76,24,9,0,3,3,3,37,Yes,4,51,16,3,4,2,46,4,Yes
45,Female,Married,Sales,Executive,3,9869,57,1,7,8,2,2,4,67,No,4,44,0,4,4,4,43,4,No
42,Female,Single,HR,Assistant,4,10669,63,7,3,2,3,5,2,75,No,6,47,0,2,1,1,28,2,No
28,Female,Married,HR,Manager,1,14538,50,14,6,4,1,3,4,43,No,9,36,3,3,3,4,14,2,No
31,Female,Single,HR,Manager,3,13065,24,5,11,6,4,3,1,94,No,5,45,19,2,2,4,17,4,Yes
20,Male,Married,IT,Executive,2,13171,20,19,13,6,2,5,2,88,Yes,8,36,15,4,2,3,24,1,No
20,Male,Single,HR,Assistant,4,5962,71,28,11,2,4,1,2,79,No,8,46,7,2,4,3,34,4,Yes
53,Female,Divorced,Marketing,Analyst,3,16851,15,28,7,3,1,5,3,62,No,4,33,0,3,2,2,48,3,No
51,Male,Married,Finance,Assistant,1,15979,85,11,2,9,1,4,4,41,No,9,41,18,2,2,2,22,3,No
44,Male,Married,IT,Executive,5,8296,72,23,3,6,3,5,4,63,Yes,9,42,10,4,2,2,10,3,Yes
59,Male,Single,Sales,Assistant,5,17745,35,25,4,7,3,1,2,53,Yes,5,33,16,1,2,4,8,3,No
20,Male,Single,Sales,Executive,1,8730,94,2,10,1,3,5,4,77,No,6,50,9,3,1,4,21,4,No
35,Male,Married,Finance,Executive,1,16921,70,8,6,8,4,3,4,76,Yes,5,30,11,2,4,2,37,3,No
58,Female,Single,IT,Analyst,5,3126,34,9,1,6,1,2,3,70,Yes,3,30,8,3,2,1,7,1,No
24,Male,Married,HR,Manager,3,8602,68,27,9,7,2,3,2,75,No,8,36,6,2,1,1,26,4,No
41,Male,Divorced,HR,Executive,5,15581,39,3,5,5,3,2,1,36,No,9,38,11,1,1,4,13,3,No
48,Male,Single,Marketing,Executive,1,18997,42,2,13,5,4,5,2,3,No,4,30,14,4,4,1,16,4,Yes
22,Male,Married,Marketing,Analyst,4,12211,19,7,12,8,3,4,3,1,No,9,45,7,2,3,1,30,4,No
31,Female,Divorced,HR,Executive,2,17997,35,5,14,3,1,5,3,98,No,9,47,16,2,3,2,31,4,Yes
45,Female,Divorced,Sales,Manager,4,9671,32,21,7,4,2,1,3,43,Yes,7,51,4,1,3,1,5,2,No
35,Female,Married,Sales,Analyst,4,15271,61,26,9,8,1,5,4,66,No,8,44,13,3,2,1,32,3,No
56,Female,Single,Marketing,Manager,1,11876,84,5,9,0,4,2,2,67,No,3,35,1,4,4,4,16,2,Yes
41,Male,Married,Finance,Manager,5,5887,71,20,1,3,3,3,4,75,No,5,31,15,2,3,4,47,1,Yes
48,Female,Divorced,HR,Analyst,3,12654,33,13,1,6,1,4,4,82,No,3,38,16,2,2,4,9,1,No
33,Male,Married,Marketing,Executive,4,7086,79,21,3,8,4,5,2,73,No,7,33,2,4,4,1,22,2,No
47,Male,Single,Marketing,Manager,5,7180,17,29,6,9,3,5,3,61,Yes,6,42,0,1,2,2,44,3,No
24,Male,Divorced,HR,Manager,3,5841,56,20,2,5,2,3,1,0,No,3,52,17,3,3,3,40,4,No
49,Male,Married,HR,Manager,4,9040,35,29,10,7,1,4,1,16,Yes,9,51,17,4,3,4,45,1,No
24,Male,Single,Sales,Manager,3,13304,54,6,12,8,3,5,2,15,No,1,40,3,3,1,4,37,1,No
31,Female,Divorced,Finance,Analyst,5,7758,81,20,11,9,3,5,2,8,No,3,42,14,1,1,4,14,1,No
35,Female,Single,Finance,Analyst,2,19234,39,18,1,3,3,2,3,52,No,7,40,18,1,4,2,16,3,No
45,Female,Divorced,HR,Assistant,5,8014,69,25,1,0,3,2,2,72,Yes,3,48,18,4,2,3,43,2,Yes
45,Female,Married,IT,Assistant,1,4375,98,2,13,7,1,1,2,58,No,3,37,9,2,2,3,20,2,No
40,Male,Single,Marketing,Manager,3,4181,66,25,5,1,3,3,3,8,No,2,36,4,1,3,4,44,3,No
58,Female,Divorced,Marketing,Executive,2,3490,58,26,4,0,4,4,3,11,No,9,54,18,1,3,1,15,1,Yes
55,Male,Single,HR,Manager,3,6729,99,6,1,6,1,5,4,40,No,4,45,10,4,4,4,44,3,Yes
52,Female,Single,IT,Executive,3,8974,70,9,4,9,3,5,2,14,No,6,32,6,4,1,4,26,3,No
49,Male,Married,Sales,Manager,4,4882,69,25,3,8,1,1,1,65,No,2,46,4,4,3,1,9,2,No
56,Male,Single,HR,Assistant,1,5987,84,3,2,8,4,5,2,74,No,9,47,19,1,2,1,1,3,Yes
42,Female,Divorced,HR,Assistant,3,8585,91,1,9,2,4,3,1,10,Yes,7,57,11,3,3,4,35,3,Yes
29,Male,Divorced,Marketing,Executive,5,6159,87,1,14,5,1,1,1,7,No,5,56,18,1,1,2,44,1,Yes
24,Male,Divorced,HR,Manager,5,7530,95,19,11,6,3,3,1,54,No,7,44,14,4,2,2,20,4,No
55,Female,Divorced,HR,Executive,4,4073,80,5,1,9,3,1,4,95,No,4,57,11,2,1,1,45,1,No
53,Male,Married,HR,Assistant,1,16743,33,13,7,8,4,5,3,5,Yes,7,46,3,2,4,4,6,2,No
50,Female,Single,Marketing,Manager,1,5693,97,19,14,1,3,1,3,52,Yes,2,40,11,4,4,2,42,4,Yes
29,Female,Married,Sales,Manager,5,12562,21,12,13,7,4,2,4,19,No,7,34,17,2,1,4,10,1,No
38,Female,Single,Sales,Executive,2,7340,77,16,4,6,3,4,3,38,Yes,4,45,16,1,2,4,48,3,Yes
51,Male,Single,HR,Analyst,4,5156,56,25,5,3,4,5,4,98,No,4,44,18,3,1,4,33,3,No
20,Male,Single,Marketing,Executive,4,19184,56,25,10,1,2,4,2,71,No,1,39,15,1,3,2,16,4,No
24,Male,Married,Sales,Assistant,5,10966,73,19,5,7,3,5,4,33,Yes,3,43,10,4,3,3,36,4,No
23,Female,Single,Sales,Assistant,5,5580,34,3,1,4,3,4,3,56,No,5,31,1,1,1,4,6,3,No
35,Male,Married,Sales,Assistant,2,10257,87,12,6,5,3,2,3,18,Yes,5,45,15,2,3,2,19,2,Yes
43,Female,Divorced,Marketing,Assistant,2,5159,31,5,13,6,1,4,2,70,Yes,2,48,0,1,1,3,31,1,No
35,Female,Divorced,Marketing,Assistant,1,19172,41,2,9,9,3,1,4,30,Yes,4,37,16,3,3,1,2,3,No
21,Male,Single,HR,Analyst,4,16900,61,22,2,0,1,4,2,81,No,1,44,17,2,1,2,18,1,No
47,Female,Married,Finance,Manager,4,14440,16,7,7,7,1,5,1,39,No,9,39,12,3,3,3,42,1,No
51,Male,Divorced,Sales,Executive,5,17678,77,13,6,3,4,3,4,13,No,1,59,4,3,2,2,28,1,No
46,Male,Married,Finance,Executive,1,17436,76,25,5,8,1,4,2,99,No,6,34,5,3,2,3,4,1,No
39,Male,Married,Marketing,Assistant,4,15021,33,15,4,0,1,4,2,80,No,7,49,0,1,3,3,1,2,No
43,Male,Single,Marketing,Executive,1,9772,31,22,4,1,2,4,3,36,No,3,45,9,1,1,2,47,2,No
31,Male,Divorced,Marketing,Assistant,1,4627,83,3,6,5,3,5,4,43,No,1,50,4,1,3,1,42,2,No
54,Female,Single,Finance,Analyst,5,14664,53,28,4,9,1,4,1,8,Yes,7,55,0,1,4,4,16,3,Yes
52,Female,Single,Marketing,Analyst,1,11219,96,21,5,0,3,5,1,57,No,3,51,10,2,4,3,45,3,No
52,Female,Divorced,HR,Manager,2,12713,85,20,13,3,1,5,4,19,No,6,41,6,1,1,4,47,3,No
56,Male,Divorced,Marketing,Analyst,2,11488,95,5,6,7,4,3,4,91,No,6,52,17,2,3,1,2,2,No
31,Male,Married,IT,Analyst,3,5181,53,24,5,9,2,1,2,49,Yes,4,59,19,3,3,4,36,1,No
22,Male,Divorced,Finance,Manager,5,14594,50,8,7,4,1,5,3,19,Yes,6,42,9,2,2,4,1,2,Yes
20,Female,Married,IT,Executive,3,10164,54,22,9,8,3,2,3,35,Yes,4,38,14,4,1,2,39,3,No
52,Male,Married,Marketing,Assistant,2,3901,59,1,10,5,4,4,3,26,No,8,46,3,1,4,2,23,4,No
59,Female,Married,HR,Assistant,3,12290,18,8,7,0,3,2,4,71,Yes,9,49,15,4,4,1,26,3,No
29,Female,Divorced,Sales,Executive,5,5881,39,24,7,5,4,4,3,31,Yes,2,57,14,2,1,2,11,1,No
48,Male,Single,Marketing,Manager,5,16058,83,18,4,5,2,3,2,0,No,7,41,14,1,4,3,42,2,No
32,Male,Married,HR,Executive,1,8622,44,20,1,5,4,5,4,16,No,9,54,11,4,1,1,1,4,No
31,Female,Single,Finance,Analyst,4,4378,90,28,14,7,3,1,4,8,No,9,34,7,1,4,2,11,4,No
50,Male,Single,IT,Manager,1,8650,82,16,8,5,3,5,3,83,Yes,5,53,7,2,4,2,24,1,No
21,Female,Divorced,IT,Manager,5,15433,43,18,4,4,1,4,1,44,No,1,41,17,4,1,1,10,2,No
54,Male,Single,IT,Manager,2,12456,87,20,1,1,4,1,1,95,No,6,30,5,2,1,3,14,4,No
42,Male,Single,Finance,Assistant,2,10036,82,12,5,3,3,5,2,65,No,8,49,4,4,4,1,14,3,No
36,Female,Divorced,HR,Executive,1,9487,65,13,14,9,1,1,3,31,No,1,57,1,3,4,2,7,1,No
45,Male,Married,Finance,Manager,5,7248,38,13,14,4,2,4,3,44,No,2,45,11,3,2,2,23,4,Yes
27,Female,Single,IT,Manager,2,7603,28,10,8,9,3,3,4,8,No,1,59,3,3,3,1,43,1,No
48,Male,Divorced,Marketing,Manager,5,15632,83,7,4,3,1,3,4,29,Yes,5,41,12,3,1,3,22,2,No
45,Female,Single,Sales,Executive,2,3220,32,25,13,1,3,5,3,83,No,2,38,16,3,1,3,36,2,No
29,Female,Single,Finance,Assistant,5,17226,56,14,12,6,4,2,4,37,Yes,4,42,15,2,3,4,27,2,Yes
45,Male,Married,Finance,Analyst,3,7818,71,24,8,9,1,4,3,59,Yes,1,46,8,3,2,3,2,3,No
53,Female,Single,HR,Assistant,5,10349,97,16,8,9,4,5,2,0,No,7,46,0,2,4,1,39,4,No
26,Male,Divorced,HR,Manager,5,8618,26,15,3,1,2,5,4,4,Yes,8,33,14,3,4,3,46,2,No
23,Male,Single,Finance,Assistant,1,12856,96,12,9,0,4,3,3,62,Yes,5,43,11,1,2,3,19,3,No
30,Male,Married,IT,Assistant,3,7576,31,9,3,4,1,1,4,98,Yes,2,48,4,3,2,4,7,2,No
48,Female,Married,Sales,Analyst,4,18207,44,8,1,0,3,4,2,35,No,8,36,17,1,3,3,12,2,No
55,Female,Divorced,HR,Executive,1,4462,89,18,2,0,1,1,4,64,Yes,1,56,19,2,3,4,3,4,No
44,Male,Married,IT,Executive,4,18905,37,23,6,0,4,4,3,77,Yes,7,32,1,3,4,4,47,3,No
40,Male,Single,Marketing,Assistant,2,19252,95,18,12,5,4,2,4,72,Yes,1,30,3,4,2,3,5,2,No
55,Female,Married,HR,Assistant,4,11236,15,13,10,8,3,3,4,93,Yes,6,41,14,2,2,2,8,3,No
29,Male,Divorced,IT,Executive,5,10813,93,28,2,9,2,2,3,23,No,6,44,5,3,4,1,14,3,Yes
56,Male,Married,IT,Executive,4,5068,46,27,6,0,1,5,1,3,No,5,40,11,2,4,1,36,2,Yes
28,Female,Married,Sales,Analyst,1,8753,23,18,14,4,3,3,4,77,Yes,2,39,17,4,4,3,7,2,No
43,Male,Married,Sales,Manager,1,10237,29,15,1,8,3,5,4,88,No,2,31,19,3,4,1,7,1,No
54,Female,Divorced,Marketing,Assistant,4,17175,42,4,11,8,3,2,2,67,No,9,55,3,4,4,1,46,4,No
54,Male,Married,IT,Executive,1,9191,38,17,13,0,1,4,1,24,Yes,5,58,0,3,3,4,32,2,No
55,Female,Married,IT,Assistant,1,17622,74,5,1,7,1,5,2,73,No,5,33,14,1,4,2,8,1,No
37,Male,Single,Sales,Assistant,4,4001,49,22,5,0,1,1,3,98,No,7,46,17,2,2,1,12,4,No
58,Male,Divorced,HR,Executive,3,17877,41,16,10,7,2,4,3,6,Yes,6,46,13,4,1,2,10,2,No
51,Female,Married,HR,Analyst,3,13232,97,9,13,0,3,4,2,12,Yes,2,57,2,2,3,1,14,3,No
43,Male,Divorced,Finance,Assistant,2,7476,90,10,11,4,4,2,4,67,No,1,59,14,4,2,2,9,4,No
42,Female,Married,Sales,Analyst,1,19862,34,24,9,7,4,2,1,42,No,5,37,4,2,1,2,38,3,No
51,Male,Married,Finance,Executive,4,3515,79,18,14,5,3,3,2,56,No,4,52,2,2,3,1,30,1,No
56,Female,Married,Sales,Manager,1,15478,99,17,8,8,4,3,2,35,No,3,43,6,2,4,4,5,2,Yes
31,Female,Single,Marketing,Manager,5,4191,63,18,3,0,2,1,3,13,Yes,2,53,5,1,3,2,1,1,No
32,Female,Single,IT,Assistant,1,13860,15,7,3,8,2,4,4,81,Yes,2,58,0,3,4,2,1,2,Yes
42,Female,Single,Marketing,Executive,1,16448,24,4,1,0,1,1,1,71,Yes,4,33,18,1,4,1,20,2,No
44,Male,Divorced,Sales,Analyst,3,9297,61,26,14,9,1,1,2,95,Yes,2,35,6,2,4,2,49,3,No
54,Male,Divorced,IT,Assistant,4,19655,73,5,3,9,1,2,1,26,Yes,4,58,3,4,1,2,11,1,Yes
49,Female,Single,HR,Executive,1,11334,76,28,14,2,1,1,1,36,No,3,48,11,2,3,4,26,3,No
36,Female,Divorced,HR,Executive,3,9008,32,23,12,0,1,1,2,86,No,9,56,19,3,4,2,44,3,No
39,Female,Married,Finance,Analyst,2,10987,60,16,12,2,4,5,1,70,Yes,7,58,17,1,2,4,3,3,No
44,Male,Married,Sales,Assistant,3,6332,46,3,12,1,4,3,3,75,Yes,3,53,8,3,3,2,6,1,Yes
41,Male,Married,Sales,Executive,3,3787,41,26,13,1,1,3,4,24,Yes,8,33,18,4,2,2,43,2,No
32,Male,Single,HR,Executive,3,9222,32,18,11,8,2,4,4,66,No,9,32,3,3,1,4,45,2,No
38,Male,Divorced,Marketing,Executive,1,12873,53,29,1,7,4,3,4,89,No,7,49,0,1,1,4,11,1,No
55,Female,Single,IT,Analyst,1,6676,63,23,8,0,2,4,3,3,No,6,35,8,4,3,3,8,2,Yes
31,Female,Divorced,Marketing,Assistant,2,5572,96,21,1,3,2,5,3,99,Yes,4,56,14,3,1,2,29,1,No
38,Female,Married,Marketing,Assistant,5,9915,58,14,5,0,3,3,3,78,Yes,5,52,7,1,1,4,10,1,No
31,Male,Single,HR,Assistant,5,8033,86,15,9,0,3,5,4,95,Yes,8,36,14,1,3,2,34,2,No
28,Male,Divorced,HR,Assistant,5,10788,68,17,7,3,1,3,1,92,Yes,3,43,14,2,2,2,24,4,No
26,Male,Divorced,HR,Manager,2,18689,48,1,4,1,2,3,3,73,Yes,2,41,17,3,4,2,46,3,No
47,Female,Married,Finance,Manager,5,14452,85,25,11,2,4,5,2,84,No,3,45,6,4,3,1,48,1,No
33,Female,Single,Marketing,Assistant,5,7712,50,21,9,8,3,1,3,15,Yes,7,49,17,2,3,3,17,1,No
50,Male,Single,Sales,Analyst,3,3066,32,17,9,1,3,1,2,18,No,8,37,15,3,4,1,32,4,Yes
38,Female,Single,IT,Manager,1,18855,52,23,2,3,2,1,4,28,No,1,52,1,3,2,3,11,1,Yes
35,Male,Married,Finance,Executive,1,15478,73,25,10,0,3,1,2,50,No,7,31,3,4,4,2,34,1,No
24,Male,Single,Sales,Manager,3,10533,23,11,10,1,3,3,3,17,No,9,42,19,2,4,2,24,2,Yes
54,Female,Married,Marketing,Executive,3,18103,87,17,11,4,4,2,3,57,No,3,37,15,2,2,4,5,2,No
31,Male,Married,HR,Assistant,3,7616,86,26,12,9,2,5,1,43,Yes,3,54,2,4,2,3,29,4,Yes
44,Female,Married,Marketing,Manager,1,16277,65,14,6,0,3,2,4,15,Yes,8,50,1,2,4,3,48,1,No
40,Male,Divorced,IT,Analyst,5,8730,49,29,4,6,2,2,2,64,Yes,4,49,2,1,4,1,48,3,No
55,Female,Single,Finance,Manager,3,13724,96,20,8,3,3,4,4,1,No,8,45,4,4,3,3,34,2,No
42,Female,Single,Finance,Manager,2,14772,19,19,12,5,4,1,3,55,No,5,33,1,3,2,2,16,3,No
35,Female,Married,IT,Manager,3,19268,28,21,11,7,2,3,1,78,No,3,58,18,4,1,4,25,3,No
58,Male,Married,Sales,Assistant,4,15940,44,7,7,5,3,1,3,27,No,4,45,19,1,2,1,37,4,No
58,Male,Single,Sales,Analyst,3,19932,18,24,7,1,4,1,3,64,No,4,49,1,4,4,4,8,4,No
33,Female,Married,Finance,Manager,1,17643,53,13,11,0,3,2,3,4,No,8,35,1,3,4,3,29,1,No
50,Female,Single,Finance,Analyst,3,3198,98,18,10,7,2,4,2,21,Yes,6,56,19,3,4,3,46,4,Yes
24,Male,Divorced,HR,Assistant,4,19955,78,23,9,7,3,1,3,99,No,7,33,17,4,4,1,25,2,No
54,Male,Married,Sales,Executive,2,12830,39,14,13,8,2,5,4,12,No,9,45,19,4,1,3,42,1,Yes
42,Male,Single,IT,Manager,5,16798,42,1,5,5,2,5,4,64,Yes,6,52,13,1,2,4,23,1,Yes
48,Female,Married,Sales,Analyst,3,14469,90,7,6,0,3,1,1,15,No,3,52,14,1,1,2,34,3,No
30,Male,Single,HR,Analyst,4,3178,80,8,1,8,4,2,4,85,Yes,3,50,11,3,1,1,3,3,No
37,Male,Single,Finance,Assistant,4,3798,92,18,6,2,1,2,3,63,Yes,3,42,10,2,4,3,30,3,No
31,Female,Married,Finance,Manager,2,10601,36,9,2,5,4,3,3,31,Yes,2,34,10,2,1,4,34,1,No
28,Male,Divorced,HR,Executive,1,5795,45,1,6,9,4,4,4,79,No,1,44,6,2,4,2,32,4,No
29,Male,Single,IT,Analyst,3,15496,37,29,9,9,3,2,1,50,Yes,1,55,11,2,4,3,29,4,No
36,Male,Single,Finance,Manager,4,7588,62,22,8,8,4,3,1,78,Yes,4,37,15,3,4,1,9,4,No
57,Female,Single,Marketing,Executive,2,10297,34,17,9,2,4,5,4,57,No,3,36,4,2,1,3,2,1,No
26,Female,Divorced,Finance,Analyst,5,6084,52,19,13,4,1,5,2,45,Yes,5,43,1,2,4,3,39,1,No
32,Female,Divorced,Marketing,Analyst,4,14110,69,27,10,4,4,5,2,51,No,9,36,15,4,1,3,7,1,No
59,Female,Married,HR,Executive,2,3731,82,6,8,9,1,1,2,62,No,8,51,14,2,2,2,46,1,No
28,Female,Divorced,HR,Executive,1,4129,93,3,3,6,3,4,2,75,Yes,9,36,10,4,4,2,5,1,No
46,Female,Married,Finance,Assistant,1,4605,15,24,8,3,1,3,4,59,No,5,52,5,3,3,3,8,4,No
21,Female,Married,Sales,Manager,4,14970,21,5,6,3,2,4,1,64,No,8,55,12,4,3,3,32,1,No
24,Male,Divorced,Marketing,Manager,4,13937,71,2,13,6,2,1,3,80,Yes,4,59,18,1,3,1,18,4,Yes
48,Male,Married,IT,Assistant,3,14362,26,20,6,8,1,3,3,54,Yes,5,47,9,4,3,3,38,1,No
56,Female,Divorced,Finance,Analyst,2,5933,19,25,6,3,2,3,4,56,Yes,3,59,18,2,3,4,46,4,No
57,Male,Married,IT,Executive,4,18187,64,4,3,3,3,2,3,91,Yes,5,39,4,4,1,4,18,2,No
38,Male,Divorced,Finance,Executive,3,8074,56,10,10,5,2,4,2,70,No,3,47,6,4,2,1,49,2,No
27,Female,Divorced,Sales,Executive,3,17037,26,10,1,5,1,4,1,72,Yes,5,43,10,3,1,2,41,4,No
20,Male,Married,Sales,Analyst,4,10099,32,24,12,6,3,2,4,85,Yes,5,39,13,3,4,3,45,2,No
41,Male,Single,Sales,Executive,1,3893,80,21,14,0,2,5,1,25,Yes,6,36,15,2,2,1,16,2,No
36,Male,Married,Sales,Executive,2,4390,88,11,4,2,3,1,4,11,No,9,59,17,1,2,2,21,4,No
26,Male,Divorced,HR,Assistant,2,7239,93,27,10,8,1,4,4,70,No,1,55,3,1,2,1,10,1,Yes
44,Male,Single,HR,Analyst,1,6432,31,16,12,5,2,2,4,45,No,6,36,0,4,2,2,42,1,Yes
23,Female,Married,Marketing,Manager,4,5371,82,26,6,5,3,3,4,46,No,1,36,14,1,3,3,4,4,No
55,Female,Married,IT,Assistant,2,4515,85,29,11,4,3,2,1,78,No,6,34,13,3,4,1,44,3,No
25,Female,Married,Finance,Assistant,4,18906,76,29,12,2,2,5,3,37,Yes,2,30,18,2,2,3,8,3,No
50,Male,Single,Finance,Manager,4,9326,55,17,10,4,3,1,4,20,No,8,43,4,2,2,1,47,2,Yes
38,Female,Divorced,HR,Assistant,3,17605,48,16,2,0,3,5,2,13,No,3,47,3,3,3,2,19,3,No
58,Male,Married,Finance,Analyst,1,8586,84,7,7,2,1,3,4,1,No,6,42,12,2,1,1,47,2,No
46,Male,Married,HR,Executive,4,5917,59,16,7,3,1,3,1,71,Yes,6,54,17,4,1,4,40,1,No
29,Male,Married,Marketing,Analyst,5,18901,72,3,11,4,1,3,4,69,Yes,4,37,11,2,1,4,40,4,No
45,Male,Married,IT,Manager,1,6793,65,26,4,9,1,3,2,32,No,5,37,14,1,4,1,9,1,No
38,Female,Married,Marketing,Manager,2,12947,48,16,4,8,1,2,1,5,Yes,2,39,8,2,1,4,30,4,No
58,Female,Divorced,Sales,Assistant,3,18859,58,8,1,3,1,3,4,89,No,8,46,3,2,2,3,17,3,No
22,Male,Divorced,Sales,Analyst,2,4577,29,12,13,2,2,3,2,36,Yes,7,35,4,3,3,4,40,1,No
32,Female,Married,Sales,Analyst,2,12488,92,3,2,9,1,2,1,13,Yes,6,44,8,3,3,4,44,1,No
47,Male,Single,Marketing,Manager,1,12164,84,17,9,0,3,3,4,36,No,7,44,12,1,1,3,15,2,No
39,Female,Divorced,Finance,Analyst,2,4030,64,21,10,9,2,5,2,7,Yes,1,54,9,3,3,3,4,4,No
47,Female,Single,IT,Manager,4,18881,46,18,8,5,3,5,1,76,No,5,45,15,1,2,2,6,3,Yes
27,Male,Divorced,Sales,Analyst,2,13785,81,11,8,6,1,4,4,12,No,7,37,12,4,1,3,16,1,No
58,Female,Married,Sales,Analyst,3,9691,17,4,9,9,1,5,1,39,No,1,48,3,1,2,1,26,4,No
20,Male,Divorced,Sales,Analyst,3,9358,88,16,7,7,3,1,2,91,Yes,2,49,12,2,4,4,37,3,No
22,Female,Married,IT,Manager,5,4462,65,17,13,0,3,1,4,57,Yes,9,44,7,1,2,2,23,1,Yes
32,Male,Divorced,Sales,Assistant,3,18511,81,9,9,3,3,1,4,17,No,3,32,12,4,2,3,13,4,No
47,Male,Married,IT,Analyst,2,13570,90,6,10,4,4,2,4,56,No,6,35,14,2,2,4,47,2,Yes
44,Female,Married,Sales,Manager,3,18897,62,24,12,1,4,5,2,82,Yes,7,59,19,1,2,1,17,1,No
52,Female,Married,Marketing,Manager,1,14646,31,27,2,0,4,1,3,37,No,9,54,19,3,4,1,27,4,No
57,Male,Married,Marketing,Analyst,3,18474,21,20,6,7,4,4,4,31,Yes,5,37,12,3,1,2,22,3,No
25,Female,Single,IT,Analyst,4,10037,27,25,3,5,2,2,2,85,Yes,4,45,4,3,2,1,37,3,No
51,Female,Married,Marketing,Assistant,1,12499,80,2,11,4,1,4,1,65,Yes,2,44,5,1,1,4,19,2,No
40,Male,Single,IT,Manager,5,16386,18,9,6,8,3,5,1,76,No,3,42,4,1,3,3,39,1,No
35,Male,Single,Marketing,Manager,4,9221,24,28,3,1,1,3,2,86,No,5,55,12,4,2,1,35,2,No
40,Female,Married,Marketing,Executive,2,10769,31,21,8,9,3,4,3,24,Yes,2,49,4,2,2,3,13,4,Yes
30,Male,Single,IT,Manager,2,17356,66,29,11,7,1,3,2,91,No,4,44,12,2,3,4,14,3,No
56,Male,Divorced,Finance,Assistant,2,10389,20,6,13,9,2,2,1,57,No,1,47,19,2,1,4,48,2,No
55,Male,Married,Marketing,Executive,4,7922,97,3,4,8,4,4,1,74,Yes,4,42,7,2,4,3,31,1,No
54,Female,Single,Sales,Executive,4,16639,83,20,12,0,1,4,4,32,Yes,7,53,8,1,2,4,45,4,No
38,Female,Married,Finance,Executive,4,13003,88,6,10,6,3,2,3,87,No,3,37,18,1,3,2,2,1,No
39,Male,Married,IT,Analyst,1,8178,23,7,6,7,1,2,2,65,Yes,8,43,19,4,3,1,46,2,No
37,Female,Married,Finance,Analyst,1,18240,91,1,9,2,2,1,1,29,No,6,57,14,2,2,2,39,3,No
33,Male,Single,HR,Manager,2,6968,97,23,2,3,2,5,1,80,Yes,6,40,9,1,1,2,37,3,No
34,Female,Divorced,HR,Executive,3,5716,35,1,2,2,1,4,1,33,Yes,1,35,10,1,1,2,14,2,No
50,Male,Divorced,Marketing,Assistant,2,19574,38,5,7,6,4,4,2,85,No,5,59,4,1,2,3,9,1,Yes
20,Male,Single,Marketing,Analyst,5,16511,18,6,2,8,3,2,2,68,No,3,53,8,1,3,3,10,1,No
22,Female,Married,Sales,Assistant,1,11181,38,13,2,2,2,2,3,47,No,1,54,10,2,2,4,7,1,No
35,Male,Single,Finance,Assistant,4,15995,73,2,4,5,2,5,4,39,No,8,58,18,2,4,3,28,1,No
42,Female,Single,HR,Analyst,1,14298,17,15,9,7,1,2,4,50,No,7,30,1,1,4,4,46,3,No
30,Female,Single,Marketing,Analyst,4,19762,82,15,8,5,2,3,4,79,Yes,7,54,5,3,1,3,25,1,No
31,Male,Married,Finance,Analyst,5,9380,54,13,2,1,2,3,1,12,Yes,4,31,0,4,4,4,46,2,No
29,Male,Single,Marketing,Analyst,5,3615,62,26,8,6,3,3,4,89,No,6,59,2,2,3,1,28,2,No
51,Female,Married,Marketing,Executive,1,3463,68,25,4,1,4,3,1,30,Yes,9,42,2,2,4,4,2,2,Yes
35,Male,Single,HR,Executive,4,12158,49,14,2,1,3,5,3,38,No,3,30,13,3,2,1,17,2,No
27,Male,Divorced,HR,Executive,5,6158,70,26,11,1,4,4,1,62,Yes,9,53,19,2,3,4,4,1,No
57,Male,Single,Marketing,Executive,2,16434,54,22,10,0,3,3,3,47,Yes,4,53,4,3,1,3,13,3,No
31,Male,Single,IT,Manager,2,7938,91,7,7,0,1,2,3,86,No,5,56,16,3,1,3,18,4,No
43,Male,Divorced,Marketing,Executive,4,8417,82,14,6,6,2,3,4,47,No,7,33,14,1,4,1,3,1,Yes
47,Female,Married,Marketing,Analyst,1,11881,60,26,14,4,4,5,4,60,No,6,53,5,2,1,2,37,4,No
27,Female,Married,Sales,Assistant,5,8603,92,24,10,2,1,2,1,11,Yes,8,52,13,4,2,2,33,3,No
47,Male,Single,Sales,Executive,1,5212,27,27,5,0,2,3,2,77,No,8,58,13,3,3,4,41,1,Yes
55,Male,Divorced,Sales,Manager,2,19766,41,29,11,9,2,4,4,55,No,8,31,16,4,2,3,24,4,No
45,Male,Married,IT,Analyst,5,14695,20,10,1,5,2,2,4,17,No,3,50,7,1,2,2,8,3,No
27,Female,Single,IT,Assistant,1,12775,31,17,2,0,3,2,2,26,No,6,59,7,2,2,3,35,4,No
47,Male,Divorced,Marketing,Assistant,3,17559,50,14,8,8,1,4,2,27,No,7,55,18,1,2,3,2,2,No
47,Female,Married,Sales,Executive,4,9146,95,8,1,1,1,2,4,81,No,9,49,8,1,3,3,33,2,No
56,Female,Married,IT,Assistant,4,3371,16,4,3,0,2,3,2,79,Yes,4,45,10,4,3,4,12,3,Yes
55,Female,Divorced,HR,Executive,3,8565,91,26,2,6,4,2,1,51,Yes,5,32,12,4,2,1,22,3,Yes
46,Male,Divorced,Marketing,Executive,2,11802,66,16,5,5,1,3,3,15,Yes,8,46,12,3,2,4,13,4,No
36,Female,Divorced,Finance,Analyst,5,11307,80,24,4,5,3,4,3,76,Yes,1,34,18,2,1,2,10,3,No
28,Male,Divorced,Marketing,Analyst,4,10437,66,13,13,4,4,1,4,57,No,6,55,18,1,1,1,17,2,Yes
52,Female,Single,Finance,Manager,3,3446,57,22,7,3,4,4,4,92,No,4,37,4,3,3,2,43,2,No
39,Male,Divorced,Sales,Analyst,3,4391,36,27,5,3,4,3,1,8,Yes,5,41,15,3,1,1,5,1,No
32,Female,Married,Finance,Analyst,2,14516,69,25,8,2,4,5,2,25,Yes,5,54,8,1,3,1,9,4,Yes
47,Male,Married,Sales,Executive,2,18454,81,27,4,9,1,4,4,27,Yes,2,52,19,1,3,4,13,3,Yes
48,Female,Single,HR,Analyst,1,14891,74,20,12,7,2,5,3,76,No,8,41,2,3,4,3,23,3,No
32,Male,Married,Finance,Executive,4,17998,72,18,6,6,4,5,1,35,No,2,56,18,1,3,3,30,3,No
54,Male,Married,Marketing,Executive,1,8969,26,14,4,8,3,3,1,8,No,4,30,4,1,1,1,43,4,Yes
25,Male,Divorced,Sales,Analyst,3,12265,83,18,2,0,3,3,2,46,Yes,5,30,7,4,4,4,4,2,No
37,Male,Married,Marketing,Manager,5,18861,98,5,1,6,2,1,4,77,Yes,1,44,13,2,1,2,21,3,Yes
24,Female,Single,IT,Manager,5,8454,53,26,14,9,1,2,4,50,Yes,6,46,2,3,3,2,43,3,No
44,Female,Divorced,Sales,Assistant,2,6150,27,9,14,3,2,4,1,75,Yes,2,31,12,1,3,3,9,2,No
21,Male,Divorced,Finance,Assistant,5,18386,55,28,1,6,4,3,3,56,Yes,5,46,10,3,2,3,7,3,No
29,Female,Single,Sales,Analyst,5,9414,71,3,8,0,1,4,4,31,No,6,49,7,2,3,2,16,1,No
49,Male,Divorced,Marketing,Manager,5,7657,67,8,14,4,1,5,3,66,No,8,55,18,3,4,2,23,2,No
24,Male,Divorced,HR,Executive,3,13486,26,20,4,2,4,2,1,56,No,9,38,9,3,3,4,23,2,Yes
52,Female,Single,Sales,Assistant,5,17894,27,22,5,4,3,1,4,53,No,6,41,17,3,2,2,31,2,Yes
20,Male,Divorced,Finance,Executive,5,8480,88,10,11,3,4,4,3,15,No,5,33,17,4,3,4,5,1,No
37,Male,Single,IT,Assistant,5,11033,71,22,8,1,2,2,1,61,Yes,4,42,6,2,3,3,6,2,No
51,Female,Single,HR,Analyst,1,3983,54,19,12,3,4,1,3,83,No,2,33,15,2,3,2,1,4,No
30,Male,Married,IT,Manager,3,11543,94,21,7,2,3,4,4,95,Yes,2,36,5,3,2,3,48,4,No
40,Male,Married,Sales,Assistant,2,12916,59,28,13,0,4,2,2,55,No,7,43,15,3,1,1,28,4,No
45,Male,Divorced,Marketing,Manager,1,13143,49,3,8,9,2,3,3,22,Yes,5,56,15,2,3,1,18,2,No
44,Male,Divorced,Marketing,Executive,4,18581,17,11,13,7,2,4,2,16,Yes,7,38,0,1,4,1,24,2,No
41,Female,Single,Finance,Analyst,3,4907,19,11,8,4,3,2,4,79,Yes,1,52,18,4,2,2,13,2,No
46,Female,Divorced,Marketing,Manager,3,12216,25,17,6,3,2,1,2,37,Yes,1,30,2,2,4,3,33,1,No
32,Female,Single,HR,Analyst,4,11737,85,16,10,9,2,2,1,71,Yes,5,30,5,3,3,2,10,4,No
52,Male,Single,Marketing,Manager,4,16757,70,7,2,4,4,3,2,82,Yes,2,49,3,1,2,3,7,3,No
53,Male,Divorced,Finance,Executive,4,7174,24,4,6,3,1,4,3,29,No,8,33,3,1,3,4,37,3,No
54,Female,Single,Sales,Executive,2,18708,48,23,14,2,2,4,3,57,Yes,3,30,3,1,4,2,32,2,No
20,Male,Married,Sales,Analyst,5,12297,81,19,1,4,2,4,2,97,Yes,1,51,9,4,2,1,45,1,No
40,Male,Divorced,Marketing,Executive,3,4990,86,12,1,3,3,3,1,77,No,2,39,8,4,1,4,22,2,No
25,Male,Married,IT,Assistant,5,8596,45,15,11,0,3,1,4,21,Yes,7,31,7,2,1,3,16,3,Yes
47,Male,Divorced,Sales,Manager,5,19374,89,11,3,2,4,4,2,16,No,6,56,18,2,1,2,24,4,No
36,Female,Single,Marketing,Executive,4,6775,85,5,3,9,4,1,3,14,No,8,50,16,2,3,3,14,3,Yes
24,Female,Divorced,Finance,Assistant,2,18706,80,5,11,9,2,2,3,47,Yes,7,53,16,2,2,3,11,4,No
50,Female,Married,Marketing,Analyst,1,17645,84,15,13,7,1,1,2,31,Yes,8,44,0,3,4,2,19,4,No
24,Male,Single,Sales,Assistant,2,16668,55,29,5,6,1,1,2,76,No,3,32,19,4,4,2,23,1,No
57,Female,Divorced,Finance,Analyst,5,18960,77,18,1,1,4,4,2,84,Yes,6,54,13,1,3,3,34,3,No
22,Female,Divorced,Marketing,Analyst,2,14357,46,11,10,0,3,5,4,39,No,7,52,19,3,3,3,40,2,Yes
42,Male,Divorced,HR,Manager,4,7435,34,26,6,2,2,5,3,96,Yes,1,38,10,2,4,4,13,1,No
56,Male,Married,Finance,Manager,1,18804,71,12,7,4,2,3,3,56,No,1,46,2,2,2,1,39,4,No
56,Female,Married,HR,Assistant,4,17626,64,2,10,9,1,3,3,57,Yes,7,50,7,3,3,3,44,3,No
29,Female,Divorced,IT,Manager,1,10951,94,20,12,0,4,5,4,90,Yes,3,57,9,1,2,1,28,2,Yes
29,Female,Single,Finance,Manager,5,9449,39,15,13,2,1,2,1,98,No,3,42,16,4,4,4,40,1,No
38,Female,Single,HR,Manager,1,6199,26,20,11,2,1,4,3,15,No,5,32,7,4,2,1,16,2,No
36,Male,Married,Sales,Assistant,1,9768,85,4,3,4,4,4,3,27,No,6,33,0,1,1,1,28,3,No
40,Female,Single,Sales,Executive,1,12130,53,22,4,2,3,2,1,97,No,2,33,19,4,4,4,4,2,No
33,Female,Married,IT,Manager,2,11633,31,18,10,8,2,2,4,0,Yes,3,40,6,2,1,3,28,1,No
28,Male,Divorced,Finance,Manager,2,7225,59,6,11,0,3,5,1,40,No,6,57,8,2,4,1,12,2,No
20,Female,Married,Finance,Assistant,5,19980,25,23,10,3,4,3,1,47,No,3,36,11,2,1,3,16,3,Yes
32,Male,Married,Finance,Executive,1,9054,84,27,14,9,4,2,1,30,Yes,5,55,8,2,2,3,49,1,No
23,Male,Divorced,IT,Manager,3,4505,37,26,12,9,2,3,1,35,Yes,9,40,19,1,4,2,36,4,No
20,Male,Single,Finance,Analyst,5,12053,84,19,10,3,3,1,4,32,No,3,53,2,4,4,3,20,1,No
59,Female,Married,Sales,Assistant,1,18749,52,11,14,0,2,4,4,32,Yes,6,40,3,4,1,3,26,3,No
51,Female,Married,HR,Manager,1,13832,16,28,10,1,1,5,1,81,No,5,39,9,3,2,1,26,2,Yes
53,Male,Divorced,Sales,Manager,2,19344,98,24,10,0,1,4,2,22,Yes,5,34,3,1,4,3,22,4,No
47,Female,Single,Sales,Analyst,5,17783,93,2,3,5,1,5,2,59,No,6,42,8,4,3,3,9,4,Yes
50,Female,Married,HR,Analyst,1,4551,86,27,1,2,3,1,2,86,Yes,6,58,0,4,1,2,5,2,No
27,Male,Divorced,Sales,Assistant,1,18154,51,8,8,6,1,4,2,78,No,1,41,4,3,4,2,17,3,No
58,Male,Married,IT,Assistant,5,16799,63,29,13,4,2,1,3,89,No,9,39,8,2,2,1,49,1,No
45,Female,Divorced,HR,Analyst,3,9852,66,11,10,8,3,5,4,29,Yes,5,36,4,4,2,1,34,3,No
53,Male,Single,Sales,Assistant,5,4449,47,5,10,6,2,2,4,88,Yes,1,48,5,2,2,2,2,4,No
22,Female,Single,Marketing,Analyst,5,5659,36,18,2,3,4,4,1,44,No,8,48,18,3,2,2,7,1,No
31,Female,Single,Sales,Manager,3,10509,19,23,1,4,3,1,3,79,No,7,48,7,4,1,4,36,1,No
20,Female,Single,IT,Analyst,5,5721,32,18,14,4,2,4,1,38,Yes,7,41,9,2,4,3,13,2,No
24,Female,Married,Finance,Analyst,1,15444,52,14,8,4,2,4,1,44,Yes,5,49,10,1,1,1,20,3,Yes
49,Male,Married,Sales,Executive,5,12637,51,22,7,9,3,4,4,77,Yes,1,51,12,2,1,1,30,1,Yes
49,Male,Single,Finance,Analyst,3,13490,78,10,7,8,4,3,3,80,Yes,9,44,19,2,2,3,30,2,No
36,Male,Single,Marketing,Analyst,4,5925,24,3,4,9,3,1,2,11,Yes,9,34,3,2,3,3,11,3,Yes
42,Male,Single,Sales,Executive,5,12824,93,9,11,2,1,1,4,92,Yes,8,53,10,2,2,1,31,4,No
34,Female,Married,HR,Assistant,2,9240,56,3,9,5,1,4,3,31,Yes,5,59,11,1,3,2,3,4,No
56,Female,Single,Finance,Executive,1,19896,62,11,6,7,4,2,3,55,Yes,3,43,4,3,1,2,2,3,No
40,Male,Single,Marketing,Manager,1,3215,58,12,2,8,2,4,4,23,Yes,8,41,9,2,2,3,48,1,No
33,Female,Single,HR,Executive,2,10299,96,12,14,6,2,3,4,12,No,1,58,6,2,2,1,3,1,No
21,Female,Divorced,HR,Manager,2,14523,30,3,1,2,2,5,1,19,Yes,3,50,8,4,1,3,15,4,Yes
30,Female,Single,HR,Assistant,5,13364,68,21,1,0,3,3,1,78,Yes,7,40,8,4,2,2,17,4,No
58,Male,Divorced,HR,Executive,2,6153,49,7,9,3,3,2,1,55,No,4,57,9,1,4,4,48,1,No
57,Male,Divorced,Sales,Executive,4,4706,42,14,4,5,4,4,2,52,No,7,34,9,1,3,4,7,3,No
53,Male,Single,Sales,Assistant,3,13298,16,24,5,2,1,1,4,67,No,5,45,1,1,3,2,48,4,No
57,Female,Divorced,Sales,Manager,2,4567,27,28,3,0,2,4,3,53,No,6,59,3,4,3,3,5,1,No
53,Male,Single,Marketing,Executive,2,13400,55,11,4,5,1,2,4,33,No,7,55,7,2,2,4,34,3,No
37,Male,Married,Marketing,Manager,4,13345,94,7,12,0,3,1,3,27,No,7,47,13,4,4,2,33,2,No
49,Male,Married,Marketing,Executive,1,4128,73,25,8,8,3,3,2,49,Yes,7,41,16,3,2,1,45,3,No
34,Male,Married,IT,Analyst,1,10867,83,21,13,0,3,5,4,1,No,7,56,12,1,3,3,16,1,No
46,Male,Married,Marketing,Executive,5,8583,67,10,4,5,1,5,3,93,No,7,56,17,1,2,3,37,3,No
53,Male,Divorced,Sales,Assistant,4,7897,59,11,9,0,4,4,3,25,No,3,34,17,1,3,4,3,1,No
57,Female,Single,Sales,Assistant,3,9001,34,15,9,6,4,3,1,50,Yes,3,45,12,3,1,3,47,4,No
52,Female,Single,IT,Manager,3,14113,38,19,6,2,3,2,2,46,No,7,41,7,2,3,4,48,2,Yes
43,Male,Single,IT,Executive,4,7567,75,16,2,5,2,5,4,25,Yes,2,52,11,2,1,4,43,4,No
34,Male,Married,Marketing,Manager,3,12271,72,22,12,6,1,3,1,83,No,2,31,0,2,1,2,21,4,No
49,Female,Married,Finance,Manager,1,17348,41,21,10,0,3,4,2,91,No,3,59,19,1,1,4,41,1,No
36,Female,Single,IT,Analyst,3,14703,40,28,11,0,1,1,1,83,Yes,4,58,17,2,3,1,8,1,No
24,Male,Married,HR,Analyst,3,16329,21,20,7,4,1,4,4,74,Yes,6,35,2,4,4,3,22,1,No
48,Male,Single,Sales,Assistant,4,5741,56,12,9,5,4,4,3,73,No,8,52,11,1,3,4,5,1,Yes
23,Male,Single,HR,Manager,4,9256,61,18,6,8,3,3,4,60,Yes,7,50,18,3,2,3,17,4,No
29,Male,Single,Sales,Assistant,3,3228,67,23,3,0,4,5,2,22,Yes,4,54,12,3,2,4,37,1,No
36,Female,Single,Sales,Executive,2,19678,73,13,14,3,3,3,4,36,No,2,59,9,2,4,2,14,1,No
29,Male,Single,IT,Manager,4,7284,52,5,7,9,1,1,2,40,No,2,33,14,1,4,1,39,4,No
36,Male,Single,IT,Manager,5,16264,83,4,5,7,4,3,1,51,No,4,59,19,4,4,3,41,2,Yes
39,Male,Single,HR,Executive,5,16390,67,28,1,9,1,2,2,82,Yes,6,59,1,4,1,2,28,2,No
43,Male,Married,Sales,Executive,1,3918,29,14,3,8,3,4,3,81,No,3,42,18,1,4,3,31,3,No
24,Female,Single,HR,Assistant,3,14445,40,8,5,2,2,5,3,48,No,6,39,2,2,4,2,17,4,No
53,Female,Single,Finance,Assistant,2,3498,62,9,7,1,4,1,3,26,Yes,5,46,13,3,4,1,35,1,No
25,Female,Married,HR,Executive,1,5809,33,25,3,3,4,4,1,5,Yes,5,43,6,3,3,4,40,3,No
21,Male,Married,Marketing,Assistant,3,7961,23,19,6,1,1,3,2,73,No,2,53,7,4,2,2,22,2,No
32,Male,Married,HR,Executive,4,12017,78,3,5,0,1,2,1,65,Yes,8,44,10,4,2,3,45,2,No
30,Female,Single,Marketing,Manager,5,6779,68,5,13,2,2,3,4,23,No,5,37,19,4,4,3,48,4,No
42,Male,Divorced,Marketing,Manager,2,13050,65,21,1,6,4,4,4,37,Yes,2,52,5,3,2,2,29,1,Yes
35,Male,Divorced,Marketing,Analyst,5,5118,53,26,10,0,3,1,4,27,No,7,53,10,4,3,1,10,1,No
50,Female,Married,Finance,Manager,4,9391,18,18,6,1,3,5,4,27,Yes,9,47,16,3,2,1,18,3,No
30,Female,Divorced,HR,Executive,3,3145,17,1,14,0,4,4,3,65,Yes,9,32,9,3,1,4,35,2,No
35,Female,Married,HR,Assistant,4,16929,78,8,8,7,4,1,2,60,Yes,1,54,16,2,3,4,44,3,No
27,Female,Single,Finance,Analyst,4,17917,43,19,13,4,4,4,3,45,Yes,7,46,1,2,2,3,16,3,No
23,Male,Divorced,Sales,Assistant,5,7565,25,17,13,7,2,2,2,68,No,9,53,5,2,2,3,49,3,No
59,Male,Single,IT,Executive,2,19576,72,17,1,2,3,3,2,74,Yes,6,53,4,4,3,4,7,1,No
23,Female,Divorced,HR,Manager,4,9637,89,11,2,6,3,5,1,73,No,1,36,3,3,2,4,30,2,No
44,Male,Single,IT,Analyst,5,11243,41,2,14,7,1,1,4,42,Yes,2,42,1,4,2,4,19,3,No
22,Female,Divorced,Finance,Executive,2,5410,35,6,4,5,1,5,2,58,Yes,4,59,11,3,4,2,23,2,No
51,Female,Single,Sales,Analyst,3,4820,53,22,12,6,4,5,4,1,No,4,56,2,2,1,4,8,2,No
22,Male,Single,Sales,Analyst,3,5521,60,14,2,1,1,5,4,14,Yes,2,45,5,2,3,2,17,3,Yes
46,Female,Divorced,Sales,Manager,1,8882,80,3,11,7,2,1,4,36,Yes,8,34,13,4,4,2,21,3,No
48,Male,Single,Finance,Executive,5,4867,50,12,9,4,3,1,3,70,No,2,33,7,3,2,4,26,4,No
51,Male,Single,Marketing,Assistant,2,10465,89,4,10,6,3,5,4,19,Yes,3,55,13,4,3,1,28,1,No
38,Male,Single,Marketing,Analyst,4,14461,96,12,8,0,1,3,2,97,No,4,39,2,1,3,1,39,2,No
40,Male,Divorced,IT,Analyst,3,9103,79,13,8,4,4,4,3,34,Yes,9,42,15,4,1,3,33,3,No
24,Female,Divorced,Marketing,Assistant,2,15197,77,2,4,0,1,5,4,33,Yes,1,39,14,2,1,4,40,3,No
37,Male,Single,Marketing,Executive,5,18424,49,2,5,7,4,2,1,85,Yes,8,43,6,3,3,3,19,2,No
47,Female,Single,Sales,Analyst,1,19053,45,15,4,3,2,5,4,30,No,5,55,14,3,1,4,29,3,Yes
41,Female,Divorced,Sales,Analyst,3,3240,42,23,13,3,3,1,4,86,Yes,7,51,12,4,1,3,20,4,No
40,Female,Divorced,IT,Analyst,2,7631,15,29,9,1,2,4,3,18,Yes,8,41,5,2,2,2,20,2,No
25,Female,Single,HR,Executive,2,12599,39,17,13,4,3,2,2,67,Yes,5,56,14,1,1,4,10,3,No
20,Male,Single,IT,Executive,2,14694,57,7,2,0,2,4,4,23,Yes,8,30,16,4,1,1,12,2,No
24,Male,Single,IT,Assistant,5,8077,98,28,13,8,1,4,3,83,Yes,8,58,3,3,4,4,33,3,No
31,Female,Married,Finance,Executive,5,6768,81,14,11,4,2,2,3,38,Yes,9,50,13,2,2,3,25,3,No
45,Female,Divorced,Finance,Executive,5,12142,77,12,8,5,2,5,2,91,Yes,2,59,14,3,2,3,25,1,No
53,Male,Married,IT,Manager,4,10995,65,17,2,1,1,5,3,53,Yes,3,49,11,3,3,3,4,2,No
33,Female,Divorced,IT,Assistant,2,16276,16,14,1,9,3,5,2,38,Yes,1,49,18,3,1,3,4,1,No
45,Male,Divorced,IT,Analyst,3,15746,96,6,10,9,3,3,1,16,No,4,36,9,3,4,3,9,3,No
46,Female,Divorced,Marketing,Executive,5,14475,78,19,3,0,1,5,4,18,Yes,5,38,5,1,4,3,15,2,No
28,Male,Divorced,Finance,Analyst,5,9568,88,24,9,3,2,2,3,47,No,1,37,8,2,2,1,26,2,No
45,Female,Divorced,IT,Analyst,2,5601,83,6,12,6,2,3,1,34,No,8,56,1,4,1,3,15,4,No
41,Female,Divorced,Sales,Manager,5,9080,23,27,3,5,2,5,3,31,No,2,42,3,2,4,1,26,4,Yes
49,Male,Divorced,Sales,Executive,4,16854,16,18,9,9,4,3,3,46,Yes,1,43,8,2,3,4,28,3,No
36,Female,Married,Marketing,Assistant,4,5159,48,24,7,0,3,2,1,46,No,2,41,14,2,1,2,7,3,No
45,Female,Single,Marketing,Executive,5,11313,74,5,13,0,2,5,3,63,No,5,37,12,4,1,1,32,3,No
55,Male,Single,HR,Analyst,2,7368,75,24,10,7,3,1,3,45,No,9,50,19,2,1,4,12,3,No
20,Female,Married,HR,Assistant,2,4317,45,24,1,3,2,2,1,34,Yes,9,51,7,4,4,2,35,4,No
27,Male,Married,HR,Executive,2,16272,24,6,10,4,1,4,3,93,No,2,47,18,4,2,1,32,2,Yes
54,Male,Married,Marketing,Analyst,1,4230,90,2,5,6,1,4,2,16,Yes,2,45,18,1,2,1,9,1,No
34,Female,Married,Marketing,Analyst,5,4301,50,8,9,7,3,2,3,41,No,3,58,15,3,3,4,14,2,No
41,Female,Divorced,Marketing,Manager,2,18927,99,15,12,9,3,4,4,28,No,7,40,10,4,4,3,13,2,No
33,Female,Single,Sales,Manager,4,4910,63,15,3,6,1,2,3,69,Yes,3,45,9,3,1,1,44,4,No
45,Female,Divorced,Marketing,Manager,3,17904,84,11,9,1,4,1,4,16,Yes,1,43,7,2,3,1,33,2,No
47,Female,Single,Sales,Analyst,3,11107,63,22,5,3,1,2,4,80,No,6,32,0,3,3,4,32,2,No
42,Female,Single,HR,Executive,2,5757,17,22,9,9,2,5,3,13,No,3,50,9,3,2,3,19,3,Yes
33,Female,Married,HR,Manager,3,9464,88,24,10,0,4,5,1,23,No,1,31,17,3,1,2,30,1,Yes
43,Male,Divorced,HR,Executive,3,19562,19,1,6,9,1,3,2,56,Yes,4,32,2,2,1,3,16,2,No
21,Female,Married,IT,Manager,1,12088,75,18,9,8,4,4,2,49,Yes,1,33,10,2,4,3,12,2,No
45,Male,Divorced,IT,Assistant,4,18124,99,12,7,2,4,4,3,56,No,1,51,17,4,4,4,10,1,Yes
33,Female,Single,Finance,Assistant,4,17260,40,12,7,2,4,2,1,60,No,2,34,2,4,4,3,2,3,No
26,Female,Married,Finance,Manager,1,12743,86,25,8,9,3,4,1,38,Yes,8,39,7,1,3,4,18,4,No
22,Male,Married,Finance,Analyst,1,11683,19,11,7,8,1,5,2,54,Yes,2,49,13,2,1,2,13,4,No
42,Female,Single,IT,Manager,3,3060,29,28,12,9,3,1,1,95,No,2,58,5,1,2,1,29,2,No
37,Female,Single,IT,Manager,5,12269,30,8,9,2,3,2,3,35,Yes,8,31,14,2,3,1,24,3,No
57,Male,Single,Finance,Analyst,3,5895,15,28,11,7,2,4,3,36,No,6,41,13,3,3,4,38,4,No
54,Female,Married,Finance,Assistant,1,18323,30,7,9,1,2,5,1,13,Yes,4,56,6,1,2,4,12,4,No
34,Female,Divorced,Marketing,Executive,4,15352,51,23,6,2,4,3,3,26,No,3,34,9,1,2,3,29,4,No
44,Female,Married,Finance,Manager,3,14875,17,21,7,1,4,4,4,82,No,1,34,14,1,4,3,22,4,No
56,Male,Divorced,Marketing,Analyst,5,19969,66,2,2,0,2,1,2,30,No,3,56,9,2,2,1,36,4,Yes
47,Female,Married,Sales,Manager,3,8823,61,11,9,1,2,1,3,72,Yes,9,52,16,4,2,1,1,2,No
29,Female,Married,IT,Analyst,2,14962,27,22,12,7,1,4,1,80,No,5,30,18,1,2,1,43,4,Yes
58,Female,Single,Finance,Executive,3,3534,94,10,13,8,4,4,2,82,No,6,33,16,4,2,4,40,2,No
36,Female,Divorced,IT,Executive,1,7011,69,3,1,1,4,5,3,43,Yes,5,56,11,2,4,2,34,1,No
58,Male,Married,IT,Assistant,4,5155,35,20,1,6,2,4,2,67,No,1,50,14,1,3,2,34,1,Yes
41,Male,Married,IT,Analyst,4,9957,80,29,3,4,1,3,1,47,No,1,53,11,2,1,4,48,3,No
45,Female,Single,Sales,Analyst,1,12196,68,10,12,2,2,5,4,56,No,4,41,8,4,1,3,33,2,No
44,Female,Single,HR,Assistant,2,13691,41,28,6,8,2,2,4,74,Yes,3,41,4,4,3,2,4,3,No
36,Male,Divorced,Finance,Assistant,1,16327,52,27,5,5,3,3,3,21,Yes,8,45,3,1,1,3,38,1,No
32,Male,Married,HR,Analyst,3,5706,72,18,2,0,4,5,4,3,Yes,7,53,11,4,1,1,30,1,No
39,Female,Divorced,HR,Assistant,1,3001,76,14,9,4,1,5,3,80,Yes,7,46,15,3,3,1,46,1,No
44,Male,Married,HR,Executive,1,12225,60,18,14,6,3,1,2,71,No,8,50,8,3,1,3,20,1,No
23,Female,Divorced,IT,Manager,2,17820,25,28,13,3,4,5,3,45,Yes,7,39,2,1,1,1,26,4,Yes
29,Male,Single,Marketing,Executive,3,13891,86,24,10,7,2,3,3,58,Yes,2,46,2,2,3,4,15,1,No
22,Male,Married,IT,Assistant,5,4861,22,8,14,9,1,4,3,33,Yes,4,46,17,2,1,3,7,4,No
37,Male,Divorced,IT,Analyst,5,8269,85,10,4,4,4,3,4,10,No,6,47,16,2,2,3,7,4,No
55,Male,Single,HR,Analyst,4,14112,78,22,4,8,2,2,3,30,No,3,31,9,3,3,3,29,3,Yes
41,Female,Single,IT,Executive,1,18699,35,13,5,8,3,5,1,10,No,3,54,1,4,4,2,23,4,No
53,Male,Divorced,HR,Analyst,4,11320,86,21,8,8,1,5,3,55,Yes,6,33,10,3,1,3,34,3,No
27,Male,Married,Marketing,Assistant,2,19821,77,8,10,0,4,5,2,37,No,1,48,2,4,4,3,20,4,No
59,Female,Married,Finance,Executive,5,13740,99,4,4,1,3,5,1,20,No,1,40,1,3,1,3,15,4,No
38,Male,Single,HR,Analyst,1,6129,78,27,5,2,2,1,2,93,Yes,5,46,8,2,2,2,33,1,No
56,Male,Married,Marketing,Manager,2,17380,34,4,12,3,2,1,2,9,No,1,41,18,2,3,1,17,2,Yes
25,Female,Married,Finance,Manager,2,14360,22,5,4,9,4,4,2,25,Yes,8,31,1,2,4,2,20,4,Yes
45,Male,Married,Sales,Assistant,1,8398,72,1,14,8,2,5,1,90,Yes,2,35,18,1,3,4,13,2,No
53,Female,Single,HR,Analyst,2,8529,60,17,6,9,1,2,1,7,No,6,38,1,1,4,3,44,2,No
25,Female,Divorced,HR,Assistant,1,6918,45,2,12,5,4,4,4,7,Yes,5,34,14,4,1,4,24,2,No
56,Female,Married,Sales,Executive,1,19410,23,8,3,0,3,5,1,59,Yes,4,49,2,1,2,2,47,4,No
52,Female,Single,Sales,Manager,3,9937,29,7,8,8,4,1,3,71,Yes,1,58,4,3,4,1,37,2,No
41,Male,Single,HR,Executive,4,10118,40,15,6,5,4,2,2,33,Yes,3,50,10,3,4,1,7,4,No
40,Female,Divorced,Sales,Analyst,2,19931,24,26,10,3,3,4,4,15,Yes,4,38,6,4,2,3,8,1,Yes
25,Male,Married,IT,Assistant,2,13860,43,25,5,3,2,2,1,12,Yes,2,57,5,4,2,1,23,4,Yes
25,Male,Married,Finance,Assistant,3,8338,94,5,13,2,3,5,2,86,No,2,58,13,2,2,2,14,3,No
23,Male,Divorced,Finance,Assistant,3,15472,50,2,2,6,1,3,1,75,Yes,2,52,0,1,2,2,4,1,No
49,Male,Divorced,Finance,Executive,3,6140,98,7,10,2,2,2,4,90,Yes,1,37,16,2,2,1,21,2,No
30,Male,Single,IT,Manager,5,10996,51,8,10,1,4,2,1,21,Yes,2,49,16,1,3,3,46,2,No
49,Male,Single,Sales,Executive,5,18489,85,28,7,9,2,1,1,95,Yes,6,56,13,1,1,3,10,3,No
50,Male,Divorced,Marketing,Executive,5,17201,37,7,2,7,2,5,2,26,No,3,37,9,4,1,2,22,1,No
43,Male,Married,Sales,Analyst,1,10776,55,7,1,3,1,2,3,63,No,5,51,7,2,4,1,30,3,No
28,Male,Single,HR,Analyst,2,7943,94,28,7,7,2,5,1,1,Yes,1,50,7,2,2,2,30,2,No
22,Male,Single,Finance,Analyst,4,15886,42,14,5,0,2,1,4,96,No,8,58,13,1,3,2,16,4,No
50,Female,Married,Sales,Manager,1,11997,62,21,1,4,2,5,1,25,Yes,4,57,6,1,3,4,11,2,Yes
59,Female,Single,Marketing,Manager,2,10798,52,18,4,8,4,1,1,91,Yes,9,52,5,4,4,2,22,3,No
56,Female,Married,HR,Analyst,2,11092,45,6,12,0,2,1,3,82,Yes,4,35,3,3,2,3,29,4,No
55,Male,Married,IT,Analyst,3,6225,28,4,13,3,3,4,2,68,Yes,2,32,0,2,1,1,25,4,Yes
43,Female,Married,IT,Manager,3,14810,87,10,4,5,2,5,4,96,No,3,34,14,2,2,1,14,2,No
50,Female,Divorced,Marketing,Assistant,1,17914,91,18,10,9,1,3,2,83,No,5,38,14,4,3,4,14,4,No
25,Female,Divorced,HR,Manager,3,5460,43,12,7,7,2,4,2,29,Yes,6,36,0,4,2,4,2,1,No
21,Male,Divorced,Finance,Manager,2,11737,65,16,9,2,2,1,2,7,Yes,7,57,19,2,1,3,13,2,No
39,Male,Married,Sales,Manager,3,16920,63,25,2,4,4,3,1,37,No,4,33,2,2,1,4,3,2,No
47,Male,Married,HR,Analyst,5,13754,57,7,12,6,3,2,3,60,No,7,36,4,1,4,2,30,1,No
30,Male,Divorced,IT,Assistant,3,13833,86,6,14,0,2,2,1,80,Yes,3,34,4,3,3,2,18,2,Yes
23,Female,Single,Marketing,Manager,2,6114,19,28,1,6,3,4,4,64,No,7,40,3,2,2,3,36,3,Yes
34,Female,Married,Marketing,Analyst,1,18360,56,5,2,7,1,3,3,66,Yes,4,58,16,4,2,1,21,3,No
25,Female,Single,Sales,Executive,4,12951,21,3,7,7,4,5,2,45,No,8,44,19,1,4,3,19,2,No
49,Female,Single,Marketing,Executive,3,5565,56,12,13,8,3,3,3,89,No,9,31,13,1,4,4,16,1,No
57,Male,Married,Marketing,Manager,2,6174,50,15,10,5,4,4,4,94,No,7,42,7,4,4,1,28,4,No
21,Male,Married,HR,Executive,4,5630,41,10,6,5,2,5,1,71,No,8,51,1,4,3,1,4,1,No
34,Male,Single,Finance,Assistant,4,6161,72,26,4,1,1,5,1,42,Yes,8,45,7,1,2,1,15,3,Yes
30,Female,Single,Sales,Executive,5,7321,60,20,1,2,4,2,2,58,Yes,2,36,0,4,4,4,1,2,No
27,Male,Divorced,HR,Executive,4,16204,80,19,13,3,2,3,1,45,No,9,37,3,1,3,2,48,1,No
45,Male,Divorced,Finance,Assistant,2,10099,39,16,1,3,3,5,1,71,Yes,6,35,18,4,2,2,47,4,No
24,Female,Married,HR,Manager,2,14360,87,28,5,7,1,4,4,34,No,4,53,4,1,1,4,16,4,No
25,Female,Divorced,HR,Manager,3,13313,41,11,1,0,1,2,3,38,No,5,36,4,2,4,4,20,4,Yes
45,Male,Divorced,Marketing,Assistant,3,16502,15,8,12,9,3,5,1,91,Yes,5,47,19,2,3,3,33,4,No
23,Male,Divorced,Finance,Assistant,3,8801,88,3,7,3,3,3,4,50,Yes,7,59,18,4,2,3,17,1,Yes
38,Male,Divorced,Sales,Assistant,4,17130,56,23,13,3,1,2,4,3,Yes,9,51,11,3,2,2,5,4,No
39,Male,Single,Sales,Executive,4,17271,66,7,11,0,4,3,2,79,No,7,54,19,2,4,4,5,3,No
52,Male,Married,Finance,Assistant,5,19075,39,23,1,2,1,3,4,76,Yes,9,57,0,1,4,3,39,4,No
39,Male,Divorced,Marketing,Analyst,3,7151,68,29,1,4,3,3,2,83,Yes,4,51,6,3,2,4,13,3,No
31,Female,Single,IT,Executive,1,11911,81,7,2,5,4,2,1,50,Yes,4,49,16,1,3,4,44,1,No
20,Female,Single,HR,Manager,5,15861,20,14,13,8,2,5,2,4,Yes,6,36,1,1,1,2,36,3,No
45,Female,Single,Marketing,Manager,1,3666,72,2,14,8,1,1,4,54,No,8,32,10,2,2,2,30,1,No
33,Male,Divorced,Finance,Manager,4,19667,84,10,11,8,3,5,3,19,No,9,34,6,4,3,4,4,4,Yes
57,Female,Divorced,HR,Executive,5,8840,67,19,12,0,2,2,3,23,No,1,30,16,4,4,1,23,2,No
56,Male,Married,Sales,Analyst,5,6565,80,26,10,8,1,1,1,35,No,1,44,2,1,2,1,21,3,No
30,Male,Divorced,IT,Assistant,2,13426,72,9,3,7,1,1,1,33,No,8,55,5,2,4,4,21,3,Yes
55,Female,Divorced,Sales,Assistant,4,10366,96,16,13,1,4,1,3,53,No,7,32,10,1,1,2,6,2,Yes
32,Male,Single,Finance,Manager,4,18630,16,19,11,0,3,4,2,33,No,9,37,17,3,4,1,24,1,No
22,Male,Married,HR,Manager,5,10382,90,18,1,0,2,2,1,82,Yes,3,54,17,1,1,2,47,1,No
52,Female,Divorced,Finance,Executive,4,19149,36,9,9,5,1,4,4,16,No,5,38,9,2,4,1,31,4,No
25,Female,Divorced,HR,Analyst,5,18871,51,16,10,8,4,1,1,4,No,3,44,4,1,4,4,19,3,No
29,Female,Single,Marketing,Assistant,2,16273,34,13,8,6,2,4,2,88,No,5,39,14,2,1,3,38,1,No
24,Male,Single,IT,Executive,5,3992,38,10,5,4,2,4,1,17,No,1,31,19,4,4,3,12,4,No
42,Female,Divorced,Marketing,Assistant,4,9858,98,25,13,1,1,2,4,54,Yes,4,49,3,2,3,2,14,1,Yes
29,Female,Married,Marketing,Manager,4,5121,79,20,11,0,2,3,4,52,No,6,34,0,3,4,2,12,2,No
21,Male,Married,Finance,Assistant,5,15388,79,14,2,1,1,4,4,49,No,2,48,14,2,2,1,15,2,No
32,Female,Single,IT,Analyst,5,7136,95,12,5,0,4,4,2,71,Yes,7,42,16,3,4,4,19,2,No
59,Female,Single,HR,Analyst,5,19727,15,25,6,2,4,1,2,90,No,8,40,18,3,3,1,28,4,No
21,Female,Divorced,HR,Manager,3,15653,17,19,14,5,2,1,4,78,No,1,30,13,1,2,4,40,3,No
39,Male,Single,Sales,Analyst,4,18479,60,7,1,7,1,1,4,44,No,4,51,18,3,3,4,41,2,No
20,Male,Divorced,HR,Analyst,4,7823,69,23,11,2,3,5,2,12,No,4,59,17,2,2,2,5,2,No
56,Male,Married,Finance,Executive,3,7920,89,15,4,9,4,4,2,15,No,5,44,1,4,4,3,5,1,Yes
28,Male,Married,Marketing,Assistant,5,8471,78,16,9,8,1,1,2,85,No,4,55,5,2,3,3,6,2,No
36,Female,Divorced,Marketing,Manager,2,12533,59,27,2,9,1,2,3,83,No,9,47,12,4,4,2,23,3,No
28,Male,Single,Marketing,Manager,5,10127,40,8,5,4,1,5,2,12,Yes,7,45,16,3,2,3,3,4,No
30,Male,Married,IT,Manager,5,6720,91,10,1,6,2,3,4,19,Yes,2,38,5,1,3,2,37,2,No
34,Female,Single,HR,Manager,3,18696,79,4,4,7,3,4,3,65,No,1,30,4,3,1,1,33,4,No
43,Female,Married,Finance,Manager,4,4364,38,19,4,2,2,4,2,98,Yes,9,40,6,3,3,4,43,4,No
57,Female,Divorced,IT,Analyst,5,5708,88,19,6,1,4,2,4,46,No,1,38,0,4,4,3,21,3,No
54,Male,Divorced,Sales,Executive,4,15982,49,28,10,1,2,3,1,18,Yes,6,52,12,2,1,3,20,1,No
49,Male,Divorced,Finance,Manager,1,3151,38,21,9,4,1,3,3,44,No,2,40,18,1,1,1,1,1,No
50,Male,Married,Finance,Executive,4,5321,42,27,3,0,2,5,4,36,Yes,4,42,0,1,2,1,39,4,No
24,Female,Single,Finance,Executive,2,16865,94,15,9,1,1,4,1,53,No,6,55,12,1,1,3,47,2,No
33,Female,Single,Marketing,Analyst,2,3495,30,14,6,8,3,1,4,5,Yes,5,31,10,1,1,3,17,4,No
30,Male,Single,Finance,Manager,5,14987,73,1,7,6,2,2,2,13,Yes,6,43,6,2,2,2,29,1,No
28,Female,Married,HR,Analyst,4,5148,95,16,12,5,2,2,2,3,No,3,35,19,1,3,2,8,2,Yes
53,Female,Married,Finance,Manager,5,3556,68,10,10,8,2,2,1,85,No,5,37,2,4,4,3,26,1,No
31,Female,Married,Marketing,Analyst,3,16393,93,19,2,6,1,2,2,54,Yes,2,47,0,4,3,2,28,3,No
54,Male,Married,Finance,Executive,2,4552,30,22,11,4,1,1,4,99,Yes,7,45,7,1,1,1,34,1,Yes
54,Female,Married,Sales,Manager,5,6085,29,3,10,8,2,1,1,33,No,3,50,16,1,4,4,26,2,No
20,Female,Single,Sales,Assistant,3,3156,25,5,14,5,2,5,4,26,Yes,1,58,12,2,3,2,13,2,No
59,Male,Married,Marketing,Executive,5,11926,79,9,6,5,3,4,4,6,No,8,41,13,2,4,4,44,4,No
41,Male,Married,HR,Assistant,4,10162,93,18,6,3,3,1,4,2,Yes,8,40,4,1,1,2,37,2,No
48,Female,Single,HR,Executive,4,11055,82,11,2,0,4,5,2,46,Yes,3,35,5,2,3,3,13,3,No
27,Female,Married,IT,Analyst,4,7654,57,16,2,4,3,3,2,96,No,7,32,5,3,4,2,38,1,No
30,Male,Single,Marketing,Manager,4,14468,83,2,14,8,3,4,4,1,No,9,43,7,1,4,4,25,4,No
56,Male,Single,Finance,Executive,1,3154,27,12,2,7,3,1,3,79,No,8,57,12,2,3,4,47,4,No
33,Female,Divorced,Marketing,Analyst,3,10950,24,22,10,7,1,3,4,24,Yes,3,31,17,4,3,3,23,2,No
49,Female,Divorced,IT,Manager,3,18323,89,6,12,4,3,5,4,59,Yes,2,40,3,1,1,4,22,3,No
54,Female,Divorced,Marketing,Manager,4,7626,96,11,1,8,3,1,1,78,Yes,7,51,16,1,2,3,21,4,No
40,Female,Divorced,Marketing,Executive,1,17259,55,27,5,2,2,1,4,23,No,7,32,4,4,4,3,30,3,No
56,Male,Married,IT,Manager,4,17873,64,8,8,2,1,3,2,14,Yes,9,47,2,4,3,4,11,3,No
24,Female,Divorced,HR,Executive,1,16016,85,12,2,0,4,1,1,94,Yes,5,30,3,2,3,1,4,1,Yes
38,Female,Single,Finance,Manager,4,12369,73,29,13,8,4,2,3,13,No,4,59,4,4,3,4,33,1,No
33,Male,Married,IT,Assistant,2,3153,53,27,5,5,3,1,1,53,Yes,8,53,13,3,4,4,47,1,No
45,Female,Divorced,Sales,Analyst,2,10853,17,2,12,1,4,4,3,77,Yes,4,30,14,1,1,2,12,3,No
23,Male,Single,HR,Assistant,5,15379,90,9,8,7,4,3,1,5,No,4,41,19,3,2,4,9,1,Yes
44,Female,Married,Sales,Executive,4,18792,21,15,10,8,4,4,1,77,No,2,44,16,2,4,2,32,4,Yes
44,Female,Married,HR,Assistant,3,8599,63,2,14,8,3,5,3,80,No,1,34,5,4,1,2,11,4,No
37,Male,Divorced,Finance,Executive,5,17785,40,29,5,1,4,4,2,17,No,4,56,9,1,4,4,37,2,Yes
59,Male,Married,Finance,Manager,2,14049,47,1,2,1,3,2,2,19,No,7,35,15,4,4,3,24,3,No
27,Female,Single,Marketing,Manager,4,3786,62,10,3,6,2,2,2,61,No,9,45,16,4,3,1,7,1,No
58,Female,Married,Sales,Executive,5,7368,93,2,6,3,2,4,1,80,No,9,56,13,2,1,4,8,4,No
59,Female,Single,HR,Assistant,4,17923,16,12,11,0,4,5,4,79,No,1,41,19,2,3,4,33,3,No
33,Male,Married,Finance,Manager,2,7272,85,23,11,7,2,1,1,39,No,5,41,11,2,3,3,25,3,No
51,Female,Divorced,IT,Analyst,5,8994,46,8,5,1,3,2,4,38,Yes,7,32,8,2,1,2,1,1,No
57,Male,Single,Finance,Manager,2,10011,18,5,11,2,2,4,4,51,No,7,59,14,1,3,3,3,3,Yes
52,Male,Married,IT,Analyst,1,17086,34,22,4,4,4,4,2,31,No,6,52,11,3,3,3,40,1,No
42,Female,Married,HR,Assistant,2,12261,50,28,4,2,3,4,4,72,Yes,4,31,13,3,2,2,28,1,No
34,Male,Married,Finance,Analyst,4,10011,46,1,5,6,1,1,1,26,No,3,36,17,1,1,4,43,1,No
52,Female,Single,Finance,Analyst,3,4212,42,15,2,6,3,3,1,51,Yes,9,31,19,4,1,3,33,3,Yes
44,Female,Single,HR,Analyst,2,17141,91,6,9,1,2,5,2,96,Yes,4,50,5,1,3,3,46,3,Yes
36,Female,Single,Finance,Analyst,3,12344,15,12,2,6,1,3,3,62,No,8,36,3,3,3,4,1,1,No
52,Female,Divorced,IT,Manager,1,9704,74,8,10,5,3,5,1,73,Yes,1,40,11,3,1,4,38,3,No
21,Female,Divorced,Finance,Analyst,5,18896,70,13,2,9,1,5,4,62,No,7,40,12,1,1,1,27,1,No
33,Male,Single,Sales,Manager,5,3143,49,19,10,8,1,4,1,16,No,6,43,18,2,4,3,38,2,No
59,Male,Married,Marketing,Analyst,3,13681,44,27,14,8,1,2,1,48,Yes,1,32,12,4,1,1,35,3,No
59,Female,Divorced,IT,Executive,5,10367,68,1,9,1,3,4,1,99,Yes,4,43,11,1,4,2,10,3,No
58,Female,Single,Sales,Assistant,2,6228,50,11,14,6,2,1,3,80,Yes,5,40,19,3,3,4,12,2,No
25,Male,Married,HR,Analyst,3,7582,69,20,3,4,3,5,4,81,No,8,33,2,2,2,4,10,2,No
25,Male,Divorced,IT,Executive,4,16147,94,1,10,5,2,2,2,22,No,4,46,2,4,2,1,34,2,No
22,Male,Married,Marketing,Analyst,2,14397,72,8,7,0,3,5,1,97,Yes,3,45,13,3,4,3,24,1,No
26,Male,Married,Marketing,Analyst,2,9031,97,5,4,6,3,5,4,71,No,2,32,17,4,3,2,28,1,No
27,Female,Married,HR,Analyst,2,7243,79,17,13,5,3,4,4,12,No,4,54,18,2,3,3,22,4,Yes
34,Female,Married,HR,Executive,4,16647,83,8,13,3,2,2,2,22,Yes,4,39,9,3,3,3,45,2,No
48,Male,Divorced,IT,Assistant,1,14496,65,25,6,0,3,2,1,56,Yes,5,50,16,2,1,1,16,4,Yes
52,Female,Divorced,Finance,Executive,5,12549,36,10,14,8,1,5,3,61,Yes,7,44,14,1,3,3,13,1,Yes
49,Male,Divorced,HR,Assistant,3,18146,67,2,4,3,3,2,4,53,Yes,9,37,18,1,1,1,36,3,No
58,Female,Single,Finance,Analyst,1,7185,50,9,10,1,1,2,2,19,Yes,2,47,8,4,4,4,36,2,No
46,Male,Divorced,Sales,Manager,3,15486,82,24,7,7,4,4,3,85,Yes,5,32,3,2,2,4,43,3,No
55,Female,Married,Marketing,Analyst,5,10328,50,23,1,1,4,3,4,51,Yes,9,36,14,2,4,4,23,1,No
48,Male,Divorced,Finance,Assistant,4,19684,66,3,3,4,2,1,1,22,Yes,3,59,18,4,3,2,14,2,No
57,Male,Married,Marketing,Executive,2,6010,67,18,13,5,2,3,4,34,Yes,1,39,15,4,3,2,32,4,No
52,Female,Single,Finance,Analyst,2,8555,96,7,3,7,4,2,3,66,Yes,2,49,7,4,4,3,3,4,No
56,Male,Married,Sales,Executive,4,3067,64,15,1,0,3,5,3,33,No,6,38,16,1,1,1,27,1,No
46,Female,Married,HR,Executive,1,15185,94,21,6,0,3,1,1,32,No,5,43,0,4,1,3,19,3,Yes
52,Female,Married,Sales,Executive,1,4537,55,22,13,3,3,1,1,45,Yes,1,52,6,1,1,4,22,1,No
23,Male,Single,HR,Analyst,3,19781,32,20,11,4,4,5,2,80,No,1,43,17,4,2,3,1,3,No
41,Female,Divorced,HR,Executive,4,14549,36,18,14,8,1,1,1,44,No,4,40,11,2,2,3,5,1,Yes
21,Female,Divorced,Marketing,Executive,1,8680,80,25,9,6,2,5,2,18,No,4,57,15,2,3,3,49,4,No
29,Female,Single,Sales,Analyst,4,11747,35,3,8,6,1,1,3,93,No,6,30,0,4,4,4,33,3,No
24,Female,Married,Finance,Executive,5,18116,58,28,11,7,4,3,3,86,No,6,33,14,4,4,1,19,1,Yes
29,Female,Divorced,Sales,Analyst,2,5941,61,23,7,4,1,1,4,14,No,6,55,6,1,3,3,36,2,No
52,Male,Single,Marketing,Assistant,2,13849,53,14,10,4,3,4,4,77,Yes,1,56,16,3,1,4,6,4,No
57,Female,Divorced,HR,Assistant,2,10067,43,24,8,0,3,5,2,65,Yes,9,35,2,1,2,2,15,4,No
32,Female,Single,Marketing,Assistant,4,13151,68,2,6,8,1,1,1,38,No,7,51,10,2,4,1,36,2,No
50,Female,Married,IT,Executive,4,18126,99,14,9,5,4,5,1,17,No,7,55,5,4,3,4,33,1,No
55,Female,Divorced,IT,Manager,3,18613,31,22,3,8,1,4,4,69,Yes,7,51,5,2,1,3,24,3,No
43,Female,Single,Finance,Manager,2,9447,94,11,10,2,3,1,3,58,No,2,34,14,3,1,4,27,4,No
34,Male,Divorced,Marketing,Executive,3,8499,74,16,10,4,3,1,2,31,No,2,32,6,1,2,1,49,1,Yes
48,Female,Divorced,Finance,Manager,2,9273,45,8,9,1,4,4,3,20,No,6,31,10,2,2,3,11,2,No
27,Male,Divorced,Finance,Analyst,3,4299,87,7,4,9,1,4,3,39,No,7,32,16,1,3,2,49,3,No
24,Male,Divorced,IT,Manager,3,9701,92,11,7,4,3,4,1,91,No,3,38,17,4,3,2,23,1,No
48,Male,Single,Finance,Executive,5,7994,63,3,13,7,3,5,2,26,Yes,4,48,18,2,1,2,33,1,No
23,Male,Married,IT,Executive,3,18627,16,17,9,1,1,4,3,1,Yes,3,48,7,3,1,4,41,4,No
31,Female,Single,HR,Analyst,4,10489,62,14,2,7,1,5,4,96,No,7,46,19,1,4,1,46,4,Yes
21,Male,Single,Marketing,Assistant,3,11269,28,6,2,3,2,3,4,79,Yes,7,47,7,1,1,2,47,3,No
46,Male,Single,Finance,Executive,2,5831,73,8,9,9,4,1,1,38,No,4,40,10,3,3,3,29,1,No
50,Female,Married,IT,Analyst,3,14602,72,22,12,9,4,1,4,85,No,7,41,2,2,2,3,31,2,No
55,Female,Divorced,Sales,Manager,1,14819,72,5,13,0,1,2,4,55,No,5,32,13,2,3,3,1,2,No
55,Female,Divorced,Finance,Manager,2,4996,65,27,3,4,4,3,3,12,No,1,47,8,1,4,4,34,3,Yes
45,Male,Divorced,HR,Analyst,1,14619,98,28,9,0,3,4,4,55,No,4,53,0,3,4,1,18,1,No
46,Female,Married,HR,Analyst,2,19661,16,8,13,6,1,4,4,65,No,7,35,0,1,2,1,18,4,No
24,Female,Divorced,Sales,Executive,4,6089,55,2,5,7,1,3,3,77,No,2,36,11,1,3,2,6,1,No
39,Male,Married,IT,Manager,4,3523,97,15,6,2,1,4,1,55,No,2,30,10,4,4,1,40,4,No
30,Female,Divorced,Finance,Analyst,4,15410,96,12,2,2,2,2,1,27,No,1,35,0,2,3,3,1,2,No
29,Female,Divorced,IT,Manager,1,18732,30,17,8,6,4,5,2,63,Yes,2,47,19,2,4,3,47,3,No
59,Female,Single,HR,Analyst,5,11167,18,1,11,3,2,1,4,70,No,8,42,11,4,2,4,42,3,No
57,Female,Married,IT,Manager,2,8190,26,15,9,2,3,3,3,81,Yes,8,51,16,2,4,3,30,3,No
25,Male,Single,HR,Assistant,4,7575,43,14,2,7,4,1,2,63,Yes,8,48,14,2,3,1,4,4,No
27,Female,Single,IT,Executive,2,10727,21,20,6,2,2,5,1,55,No,1,36,1,2,3,3,32,2,No
42,Female,Single,Sales,Manager,1,18378,28,22,6,6,1,3,1,40,Yes,1,48,17,3,4,2,10,2,Yes
45,Male,Married,Marketing,Assistant,5,4797,26,16,8,1,2,5,3,99,No,4,38,15,4,1,4,43,3,Yes
31,Female,Married,Sales,Manager,1,5131,19,29,10,0,1,4,2,40,No,6,32,3,1,2,4,5,3,No
45,Male,Divorced,Sales,Manager,2,17900,95,9,12,5,2,4,2,99,No,8,52,7,3,2,1,9,4,No
32,Female,Single,Marketing,Assistant,5,14332,46,1,5,7,2,4,3,3,No,2,41,1,1,4,3,5,4,No
59,Male,Divorced,Marketing,Manager,5,9666,88,28,9,0,2,5,3,56,Yes,3,49,13,4,4,3,11,1,No
37,Male,Single,Finance,Manager,1,19526,57,17,1,9,1,5,2,29,Yes,6,53,14,4,1,1,35,4,No
44,Male,Married,Finance,Executive,4,15479,95,29,9,8,2,5,1,87,No,4,59,8,4,2,1,27,1,No
52,Male,Married,Sales,Assistant,2,4410,83,13,10,2,4,1,4,83,Yes,2,47,1,2,1,2,4,3,No
59,Female,Married,Sales,Assistant,3,15665,59,21,7,2,4,5,1,45,Yes,7,37,16,3,2,1,10,2,No
31,Male,Single,HR,Analyst,3,3534,23,26,4,3,4,4,3,55,Yes,4,38,9,4,4,3,39,4,No
55,Female,Married,HR,Manager,1,6364,63,21,3,0,1,2,2,30,No,8,42,8,1,2,2,33,2,Yes
23,Male,Single,Finance,Executive,2,6342,47,5,14,8,1,5,2,87,Yes,8,37,1,2,2,4,38,4,No
24,Male,Divorced,Finance,Manager,2,16465,32,10,10,2,4,2,4,6,Yes,7,51,18,2,2,3,8,4,No
56,Male,Single,HR,Manager,1,7500,23,6,11,9,4,4,2,89,Yes,9,39,16,3,1,4,49,1,No
27,Female,Divorced,HR,Analyst,2,4172,76,24,14,3,4,5,4,76,No,4,46,10,3,1,4,24,4,No
47,Male,Single,IT,Manager,4,11007,71,19,6,0,3,1,1,53,Yes,7,36,16,3,2,4,39,3,Yes
50,Female,Divorced,IT,Executive,1,4641,43,25,12,3,4,1,1,7,Yes,1,46,9,2,3,3,33,2,No
28,Female,Married,HR,Executive,4,19855,92,13,13,0,2,2,2,54,No,4,52,17,4,1,4,41,4,No
48,Female,Divorced,IT,Analyst,2,11738,39,1,1,4,3,1,2,68,Yes,2,59,5,1,4,3,43,2,No
